id|name|type|bucket
4636|[Oshi no Ko]|anime|200000
6266|[Oshi no Ko]|manga|200000
55192|100-man no Inochi no Ue ni Ore wa Tatteiru|anime|201033
57922|11eyes|anime|0
59201|20th Century Boys|manga|201001
59202|21st Century Boys|manga|201001
478|3-gatsu no Lion|anime|200005
549|3-gatsu no Lion|manga|200005
391|3-gatsu no Lion 2nd Season|anime|200005
52766|3D Kanojo: Real Girl|anime|201022
8574|5-toubun no Hanayome|manga|200007
6303|5-toubun no Hanayome ∬|anime|200007
4092|86|anime|200008
1735|86 Part 2|anime|200008
25450|91 Days|anime|0
26906|Absolute Duo|anime|0
4926|Accel World|anime|0
53731|Acchi Kocchi|anime|0
83875|Act-age|manga|0
53751|Aharen-san wa Hakarenai|anime|0
31327|Aho Girl|anime|0
54351|Air|anime|0
79396|Air Gear|manga|0
23890|Ajin|anime|200017
32399|Ajin|manga|200017
23891|Ajin Part 2|anime|200017
5566|Akagami no Shirayuki-hime|anime|200018
7560|Akagami no Shirayuki-hime|manga|200018
18862|Akagami no Shirayuki-hime 2nd Season|anime|200018
29346|Akame ga Kill!|anime|200019
39664|Akame ga Kill!|manga|200019
23259|Akatsuki no Yona|anime|200020
31556|Akatsuki no Yona|manga|200020
24073|Akatsuki no Yona OVA|anime|200020
21079|Akira|anime|200021
28680|Akira|manga|200021
67610|Aku no Hana|manga|0
3616|Akudama Drive|anime|0
55997|Akuma no Riddle|anime|0
81262|Akumetsu|manga|0
2222|Aldnoah.Zero|anime|200026
2223|Aldnoah.Zero Part 2|anime|200026
69061|All You Need Is Kill|manga|0
53875|Amaama to Inazuma|anime|0
4486|Amagi Brilliant Park|anime|0
54644|Amnesia|anime|0
14555|Angel Beats!|anime|200031
14642|Angel Beats! Another Epilogue|anime|200031
14556|Angel Beats! Specials|anime|200031
82612|Angel Densetsu|manga|0
80958|Annarasumanara|manga|0
16424|Ano Hi Mita Hana no Namae wo Bokutachi wa Mada Shiranai.|anime|200034
16425|Ano Hi Mita Hana no Namae wo Bokutachi wa Mada Shiranai. Movie|anime|200034
81316|Another|manga|0
50153|Ansatsu Kyoushitsu|anime|200036
15356|Ansatsu Kyoushitsu|manga|200036
11199|Ansatsu Kyoushitsu 2nd Season|anime|200036
13877|Ao Ashi|anime|0
62100|Ao Haru Ride|manga|0
29653|Ao no Exorcist|anime|200039
40093|Ao no Exorcist|manga|200039
29654|Ao no Exorcist Movie|anime|200039
81574|Ao no Flag|manga|0
33852|Ao no Hako|manga|0
52786|Araburu Kisetsu no Otome-domo yo.|anime|0
20449|Aria the Benedizione|anime|0
20434|Aria the Natural|anime|0
20448|Aria the OVA: Arietta|anime|0
11913|Aria the Origination|anime|200046
20455|Aria the Origination: Sono Choppiri Himitsu no Basho ni...|anime|200046
1290|Arifureta Shokugyou de Sekai Saikyou|anime|200047
1732|Arifureta Shokugyou de Sekai Saikyou|manga|200277
55541|Aruiwa Sekai ga Hajimaru Seisen|anime|0
5444|Ashita no Joe|anime|200049
7377|Ashita no Joe|manga|200049
5427|Ashita no Joe 2|anime|200049
1324|Asobi Asobase|anime|0
9893|Azumanga Daioh|manga|201003
7250|Azumanga Daiou: The Animation|anime|201003
627|Azur Lane|game|200053
70988|Azur Lane|manga|200053
25896|Baby Steps 2nd Season|anime|0
10852|Baccano!|anime|200055
10853|Baccano! Specials|anime|200055
15244|Baka to Test to Shoukanjuu|anime|0
1810|Bakemono no Ko|anime|0
4763|Bakemonogatari|anime|200001
33388|Baki|anime|201018
19924|Bakuman.|anime|200060
20428|Bakuman.|manga|200060
15045|Bakuman. 2nd Season|anime|200060
15044|Bakuman. 3rd Season|anime|200060
3939|Ballroom e Youkoso|anime|0
13651|BanG Dream! 3rd Season|anime|200016
13653|BanG Dream! It's MyGO!!!!!|anime|200016
13652|BanG Dream! Movie: Episode of Roselia - II: Song I Am.|anime|200016
12164|Banana Fish|anime|200065
16634|Banana Fish|manga|200065
576|Barakamon|anime|0
69083|Bastard|manga|0
80605|Battle Royale|manga|0
81763|Beast Master|manga|0
5835|Beastars|anime|200070
5786|Beastars|manga|200070
5778|Beastars 2nd Season|anime|200070
13368|Beck|anime|200071
18221|Beck|manga|200071
312|Beelzebub|anime|200072
343|Beelzebub|manga|200072
53290|Ben-To|anime|0
793|Berserk|anime|200074
1080|Berserk|manga|200074
1937|Berserk: Ougon Jidai-hen III - Kourin|anime|200074
81802|Billy Bat|manga|0
38497|Bishoujo Senshi Sailor Moon|manga|200076
28467|Bishoujo Senshi Sailor Moon: Sailor Stars|anime|200076
84304|Bitter Virgin|manga|0
83146|Black Bird|manga|0
75663|Black Cat|manga|200079
55809|Black Cat (TV)|anime|200079
4953|Black Clover|anime|200080
6697|Black Clover|manga|200080
8498|Black Clover: Mahou Tei no Ken|anime|200080
23525|Black Lagoon|anime|200081
27878|Black Lagoon|manga|200081
25330|Black Lagoon: Roberta's Blood Trail|anime|200081
20484|Black Lagoon: The Second Barrage|anime|200081
68118|Blame!|manga|0
910|Bleach|anime|200083
1665|Bleach|manga|200083
39783|Bleach Movie 1: Memories of Nobody|anime|200083
39784|Bleach Movie 2: The DiamondDust Rebellion - Mou Hitotsu no Hyourinmaru|anime|200083
39774|Bleach Movie 3: Fade to Black - Kimi no Na wo Yobu|anime|200083
39781|Bleach: Sennen Kessen-hen|anime|200083
39770|Bleach: Sennen Kessen-hen - Ketsubetsu-tan|anime|200083
6365|Blend S|anime|0
30972|Blood Lad|anime|200085
41923|Blood Lad|manga|200085
85051|Bloody Monday|manga|0
12707|Blue Archive|game|0
3073|Blue Lock|anime|200088
4190|Blue Lock|manga|200088
52398|Blue Period|anime|200089
70679|Blue Period|manga|200089
3214|Bocchi the Rock!|anime|0
84364|Boku Girl|manga|0
5557|Boku dake ga Inai Machi|anime|200092
7548|Boku dake ga Inai Machi|manga|200092
29147|Boku no Hero Academia|anime|200093
1190|Boku no Hero Academia|manga|200093
942|Boku no Hero Academia 2nd Season|anime|200093
943|Boku no Hero Academia 3rd Season|anime|200093
944|Boku no Hero Academia 5th Season|anime|200093
876|Boku no Hero Academia 6th Season|anime|200093
4154|Boku no Hero Academia the Movie 1: Futari no Hero|anime|200093
20123|Boku no Hero Academia the Movie 2: Heroes:Rising|anime|200093
948|Boku no Hero Academia the Movie 3: World Heroes' Mission|anime|200093
55671|Boku no Kanojo ga Majimesugiru Sho-bitch na Ken|anime|0
18159|Boku no Kokoro no Yabai Yatsu|anime|0
82393|Boku wa Mari no Naka|manga|0
29409|Boku wa Tomodachi ga Sukunai Next|anime|0
83917|Bokura ga Ita|manga|0
84805|Bokura wa Minna Kawai-sou|manga|0
52848|Bokutachi no Remake|anime|0
32543|Bokutachi wa Benkyou ga Dekinai|anime|200101
44070|Bokutachi wa Benkyou ga Dekinai|manga|200101
32544|Bokutachi wa Benkyou ga Dekinai!|anime|200101
679|Boruto: Naruto Next Generations|manga|200601
487|Boruto: Naruto the Movie|anime|200601
79705|Btooom!|manga|0
22052|Buddy Daddies|anime|0
1859|Bungou Stray Dogs|manga|200106
1942|Bungou Stray Dogs 2nd Season|anime|200106
2299|Bungou Stray Dogs 3rd Season|anime|200106
1387|Bungou Stray Dogs 4th Season|anime|200106
1386|Bungou Stray Dogs 5th Season|anime|200106
2229|Bungou Stray Dogs Wan!|anime|200106
2230|Bungou Stray Dogs: Dead Apple|anime|200106
29687|Byousoku 5 Centimeter|anime|0
54005|C: The Money of Soul and Possibility Control|anime|0
21150|Cardcaptor Sakura|anime|200109
21497|Cardcaptor Sakura|manga|200109
15821|Cardcaptor Sakura Movie 2: Fuuin Sareta Card|anime|200109
53416|Carole & Tuesday|anime|0
36764|Chainsaw Man|anime|200111
49455|Chainsaw Man|manga|200111
13425|Chi no Wadachi|manga|0
188|Chihayafuru|manga|200113
635|Chihayafuru 2|anime|200113
132|Chihayafuru 3|anime|200113
84136|Chikan Otoko|manga|0
28874|Chobits|anime|200115
22044|Chobits|manga|200115
56275|Choujin Koukousei-tachi wa Isekai demo Yoyuu de Ikinuku you desu!|anime|0
84556|Choujin X|manga|0
30630|Chuunibyou demo Koi ga Shitai! Movie: Take On Me|anime|0
30149|Chuunibyou demo Koi ga Shitai! Ren|anime|0
55007|ChäoS;HEAd|anime|0
18358|Citrus|anime|200121
24972|Citrus|manga|200121
14824|City Hunter 2|anime|0
14731|Clannad|anime|200123
796|Clannad: After Story|anime|200123
797|Clannad: After Story - Mou Hitotsu no Sekai|anime|200123
803|Clannad: Mou Hitotsu no Sekai|anime|200123
4326|Claymore|anime|200124
5864|Claymore|manga|200124
1482|Code Geass: Fukkatsu no Lelouch|anime|200126
1218|Code Geass: Hangyaku no Lelouch|anime|200126
1481|Code Geass: Hangyaku no Lelouch III - Oudou|anime|200126
1202|Code Geass: Hangyaku no Lelouch R2|anime|200126
52969|Code:Breaker|anime|200127
71511|Code:Breaker|manga|200127
13959|Comyushou desu.|manga|200128
10176|Comyushou desu. 2nd Season|anime|200128
13962|Corpse Party|game|0
959|Cowboy Bebop|anime|200130
2873|Cowboy Bebop: Tengoku no Tobira|anime|200130
3722|Cross Game|anime|0
8493|Cyberpunk: Edgerunners|anime|0
2254|D.Gray-man|anime|200133
3051|D.Gray-man|manga|200133
32041|Dagashi Kashi|anime|201029
33047|Dakara Boku wa|anime|0
3522|Dandadan|manga|0
53626|Danganronpa 3: The End of Kibougamine Gakuen - Zetsubou-hen|anime|200015
8536|Danshi Koukousei no Nichijou|anime|201041
14883|Darker than Black: Kuro no Keiyakusha|anime|200139
14965|Darker than Black: Kuro no Keiyakusha Gaiden|anime|200139
31235|Darker than Black: Ryuusei no Gemini|anime|0
27719|Darwin's Game|anime|200141
37529|Darwin's Game|manga|200141
15963|Date A Live II|anime|201023
15964|Date A Live IV|anime|0
80910|Dead Dead Demons Dededede Destruction|manga|0
81067|Dead Tube|manga|0
61304|Deadman Wonderland|manga|0
22075|Death Billiards|anime|0
6868|Death March kara Hajimaru Isekai Kyousoukyoku|anime|0
8280|Death Note|anime|201014
11349|Death Note|manga|201014
53482|Death Note: Tokubetsu Yomikiri|manga|201014
22074|Death Parade|anime|0
54407|Deca-Dence|anime|0
33155|Demi-chan wa Kataritai|anime|0
69654|Dengeki Daisy|manga|0
20737|Dennou Coil|anime|0
54193|Denpa Onna to Seishun Otoko|anime|0
54311|Densetsu no Yuusha no Densetsu|anime|0
800|Detective Conan|anime|200157
1242|Detective Conan|manga|200378
14743|Detective Conan Movie 03: The Last Wizard of the Century|anime|200157
14744|Detective Conan Movie 04: Captured in Her Eyes|anime|200157
14738|Detective Conan Movie 05: Countdown to Heaven|anime|200157
4844|Detective Conan Movie 06: The Phantom of Baker Street|anime|200157
14740|Detective Conan Movie 08: Magician of the Silver Sky|anime|200157
14745|Detective Conan Movie 10: Requiem of the Detectives|anime|200157
14735|Detective Conan Movie 13: The Raven Chaser|anime|200157
14739|Detective Conan Movie 14: The Lost Ship in the Sky|anime|200157
14746|Detective Conan Movie 15: Quarter of Silence|anime|200157
4745|Detective Conan Movie 18: The Sniper from Another Dimension|anime|200157
1661|Detective Conan Movie 20: The Darkest Nightmare|anime|200157
11306|Detective Conan Movie 25: Halloween no Hanayome|anime|200157
4743|Detective Conan Movie 26: Kurogane no Submarine|anime|200157
4742|Detective Conan: Episode One - The Great Detective Turned Small|anime|200157
20045|Detroit Metal City|anime|0
54108|Devil May Cry|anime|0
82882|Devilman|manga|0
56173|Devils Line|anime|0
55|Diamond no Ace|anime|200162
54|Diamond no Ace: Act II|anime|200162
53|Diamond no Ace: Second Season|anime|200162
33594|Digimon Adventure|anime|200163
20781|Digimon Adventure: Last Evolution Kizuna|anime|200163
54377|Dimension W|anime|0
30440|Domestic na Kanojo|anime|200165
41183|Domestic na Kanojo|manga|200165
21172|Doraemon Movie 31: Shin Nobita to Tetsujin Heidan - Habatake Tenshi-tachi|anime|0
11125|Dorohedoro|anime|200167
15262|Dorohedoro|manga|200167
4979|Dororo|anime|0
79141|Doubt|manga|0
17638|Doukyuusei (Movie)|anime|0
24211|Douluo Dalu 2nd Season|anime|0
8626|Doupo Cangqiong 4th Season|anime|0
8681|Doupo Cangqiong: Nian Fan|anime|0
8625|Doupo Cangqiong: San Nian Zhi Yue|anime|0
10203|Dr. Stone|anime|200175
13995|Dr. Stone|manga|200175
10206|Dr. Stone: New World|anime|200175
10204|Dr. Stone: Ryuusui|anime|200175
10205|Dr. Stone: Stone Wars|anime|200175
5622|Dragon Ball|anime|200176
7670|Dragon Ball|manga|200176
19538|Dragon Ball GT|anime|200176
3481|Dragon Ball Super|anime|200176
3219|Dragon Ball Super|manga|200176
2372|Dragon Ball Super: Broly|anime|200176
19743|Dragon Ball Z|anime|200176
26397|Drifters|anime|0
82339|Dungeon Meshi|manga|0
24620|Dungeon ni Deai wo Motomeru no wa Machigatteiru Darou ka|anime|200179
5361|Dungeon ni Deai wo Motomeru no wa Machigatteiru Darou ka Gaiden: Sword Oratoria|anime|200179
24197|Dungeon ni Deai wo Motomeru no wa Machigatteiru Darou ka III|anime|200179
5156|Dungeon ni Deai wo Motomeru no wa Machigatteiru Darou ka IV: Fuka Shou - Yakusai-hen|anime|200179
5161|Dungeon ni Deai wo Motomeru no wa Machigatteiru Darou ka IV: Shin Shou - Meikyuu-hen|anime|200179
15730|Durarara!!|anime|200180
15432|Durarara!!x2 Ketsu|anime|200180
15766|Durarara!!x2 Shou|anime|200180
15433|Durarara!!x2 Ten|anime|200180
81454|Eden no Ori|manga|0
82084|Eden: It's an Endless World!|manga|0
57548|Edens Zero|anime|0
15844|Eiga Daisuki Pompo-san|anime|0
21281|Eizouken ni wa Te wo Dasu na!|anime|0
13145|Elfen Lied|manga|201019
8803|Enen no Shouboutai|manga|200187
6463|Enen no Shouboutai: Ni no Shou|anime|200187
9727|Ergo Proxy|anime|0
29894|Eromanga-sensei|anime|0
3286|Evangelion: 1 You Are (Not) Alone|anime|200607
3285|Evangelion: 2 You Can (Not) Advance|anime|200607
3304|Evangelion: 3 You Can (Not) Redo|anime|200607
3282|Evangelion: 3+1 Thrice Upon a Time|anime|200607
1368|Eve no Jikan|anime|200194
1369|Eve no Jikan (Movie)|anime|200194
80086|Eyeshield 21|manga|0
25359|FLCL|anime|0
29710|Fairy Tail|anime|200197
31987|Fairy Tail|manga|200197
57019|Fairy Tail Zerø|manga|200197
23580|Fairy Tail: Final Series|anime|200197
31572|Fate/Apocrypha|anime|200200
1877|Fate/Grand Order: Zettai Majuu Sensen Babylonia|anime|200200
9934|Fate/Zero|anime|200200
9813|Fate/Zero 2nd Season|anime|200200
2489|Fate/kaleid liner Prisma☆Illya|anime|200200
11657|Fate/stay night Movie: Heaven's Feel - I. Presage Flower|anime|200200
11654|Fate/stay night Movie: Heaven's Feel - II. Lost Butterfly|anime|200200
20838|Fate/stay night Movie: Heaven's Feel - III. Spring Song|anime|200200
11656|Fate/stay night: Unlimited Blade Works|anime|200200
16257|Fate/stay night: Unlimited Blade Works 2nd Season|anime|200200
20203|Fate/stay night: Unlimited Blade Works Prologue|anime|200200
1864|Fate/strange Fake: Whispers of Dawn|anime|200200
108519|Final Fantasy XIV|game|200207
85499|Final Fantasy XIV: Shiritsu Eorzea Gakuen|manga|200207
64193|Fire Punch|manga|0
56083|Flying Witch|anime|0
29854|Free!|anime|200210
29862|Free! Eternal Summer|anime|200210
53456|Freezing|anime|200211
72222|Freezing|manga|200211
4446|Fruits Basket|manga|200212
10284|Fruits Basket 1st Season|anime|200212
10039|Fruits Basket 2nd Season|anime|200212
8445|Fruits Basket: Prelude|anime|200212
3155|Fruits Basket: The Final|anime|200212
32697|Fugou Keiji: Balance:Unlimited|anime|0
18399|Full Metal Panic!|anime|200214
18400|Full Metal Panic! The Second Raid|anime|200214
18371|Full Metal Panic? Fumoffu|anime|0
23902|Fullmetal Alchemist|anime|200216
184|Fullmetal Alchemist|manga|200216
47|Fullmetal Alchemist: Brotherhood|anime|200216
26681|Fullmetal Alchemist: Brotherhood Specials|anime|200770
23921|Fullmetal Alchemist: The Conqueror of Shamballa|anime|200216
3670|Fumetsu no Anata e|anime|200217
4527|Fumetsu no Anata e|manga|200217
3328|Fumetsu no Anata e Season 2|anime|200217
62299|Futari wa Precure|anime|0
55717|Fuufu Ijou|anime|200219
75545|Fuufu Ijou|manga|200219
54586|Fuuka|anime|200220
73885|Fuuka|manga|200220
82942|GE: Good Ending|manga|0
644|GTO|manga|201047
57838|Ga-Rei: Zero|anime|0
31977|Gabriel DropOut|anime|0
55081|Gaikotsu Kishi-sama|anime|0
24513|Gake no Ue no Ponyo|anime|0
32099|Gakkougurashi!|anime|200227
43472|Gakkougurashi!|manga|200227
84871|Gakuen Alice|manga|0
52931|Gakuen Babysitters|anime|0
33484|Gakuen Love Comedy wo Zenryoku de Jama Shiteiru|anime|0
5815|Gakusen Toshi Asterisk|anime|200231
32471|Gakusen Toshi Asterisk 2nd Season|anime|200231
84976|Gal Gohan|manga|0
9278|Gamers!|anime|0
25185|Gangsta.|anime|200234
34149|Gangsta.|manga|200234
22684|Gankutsuou|anime|0
59488|Gantz|manga|0
27490|Gate: Jieitai Kanochi nite|anime|0
79762|Gekkan Shoujo Nozaki-kun|manga|201039
57251|Genjitsu Sekai wo mo Musou Suru: Level Up wa Jinsei wo Kaeta|anime|0
58038|Genjitsu Shugi Yuusha no Oukoku Saikenki Part 2|anime|0
96906|Genshin Impact|game|0
1050|Gensou Mangekyou: The Memories of Phantasm|anime|201002
18149|Gin no Saji|anime|200243
18148|Gin no Saji 2nd Season|anime|200243
1472|Ginga Eiyuu Densetsu|anime|200244
1476|Ginga Eiyuu Densetsu Gaiden|anime|200244
4415|Ginga Eiyuu Densetsu Gaiden (1999)|anime|200244
4365|Ginga Eiyuu Densetsu: Arata naru Tatakai no Overture|anime|200244
1473|Ginga Eiyuu Densetsu: Die Neue These - Gekitotsu|anime|200244
1474|Ginga Eiyuu Densetsu: Die Neue These - Sakubou|anime|200244
1477|Ginga Eiyuu Densetsu: Die Neue These - Seiran 1|anime|200244
2245|Ginga Eiyuu Densetsu: Die Neue These - Seiran 2|anime|200244
1475|Ginga Eiyuu Densetsu: Die Neue These - Seiran 3|anime|200244
21579|Ginga Nagareboshi Gin|anime|0
124|Gintama|anime|200246
177|Gintama|manga|200246
895|Gintama Movie 1: Shinyaku Benizakura-hen|anime|200246
8081|Gintama Movie 2: Kanketsu-hen - Yorozuya yo Eien Nare|anime|200246
890|Gintama'|anime|200246
760|Gintama': Enchousen|anime|200246
8088|Gintama': Futon ni Haitte kara Buki Nokoshi ni Kizuite Neru ni Nerenai Toki mo Aru|anime|200246
761|Gintama.|anime|200246
513|Gintama.: Porori-hen|anime|200246
3684|Gintama.: Shirogane no Tamashii-hen|anime|200246
894|Gintama.: Shirogane no Tamashii-hen - Kouhan-sen|anime|200246
8091|Gintama: Dai Hanseikai|anime|200246
5484|Gintama: Nanigoto mo Saisho ga Kanjin nanode Tashou Senobisuru Kurai ga Choudoyoi|anime|200246
8404|Gintama: Shinyaku Benizakura-hen|anime|200246
8087|Gintama: Shiroyasha Koutan|anime|200246
759|Gintama: The Final|anime|200246
857|Gintama: The Semi-Final|anime|200246
898|Gintama: Yorinuki Gintama-san on Theater 2D|anime|200246
579|Gintama°|anime|200246
8402|Gintama°: Aizome Kaori-hen|anime|200246
8089|Gintama°: Umai-mono wa Atomawashi ni Suru to Yokodorisareru kara Yappari Saki ni Kue|anime|200246
84031|Girl Friends|manga|0
9768|Girls & Panzer|anime|200248
4951|Girls & Panzer Movie|anime|200248
9767|Girls & Panzer: Saishuushou Part 1|anime|200248
12814|Girls & Panzer: Saishuushou Part 2|anime|200248
12813|Girls & Panzer: Saishuushou Part 3|anime|200248
80659|Girls of the Wild's|manga|0
16349|Given|anime|200250
22222|Given|manga|200250
16378|Given Movie|anime|200250
16377|Given: Uragawa no Sonzai|anime|200250
17071|Glass no Kamen (2005)|anime|0
31441|Gleipnir|anime|200252
42571|Gleipnir|manga|200252
76500|Goblin Slayer|manga|200253
56396|Goblin Slayer: Goblin's Crown|anime|200253
58100|Gochuumon wa Usagi desu ka?|anime|0
27519|God Eater|anime|0
52614|Gokukoku no Brynhildr|anime|0
33567|Gokushufudou|anime|200257
45475|Gokushufudou|manga|200257
22018|Golden Boy|anime|0
5896|Golden Kamuy|manga|200259
5388|Golden Kamuy 2nd Season|anime|200767
4350|Golden Kamuy 3rd Season|anime|200259
4475|Golden Kamuy 4th Season|anime|200259
17124|Gosick|anime|0
54149|Grancrest Senki|anime|0
8630|Grand Blue|anime|200262
11933|Grand Blue|manga|200262
10673|Great Pretender|anime|0
427|Great Teacher Onizuka|anime|0
33348|Grisaia no Kajitsu|anime|200004
33349|Grisaia no Rakuen|anime|200004
33350|Gurizaia no Kajitsu|game|200004
79666|Gunnm|manga|0
2491|Gyakkyou Burai Kaiji: Hakairoku-hen|anime|0
18969|Gyakkyou Burai Kaiji: Ultimate Survivor|anime|0
80467|Gyo: Ugomeku Bukimi|manga|0
33048|H ga Dekinai.|anime|0
468|Hachimitsu to Clover|anime|200272
437|Hachimitsu to Clover II|anime|200272
32854|Hagure Yuusha no Aesthetica|anime|0
22235|Hai to Gensou no Grimgar|anime|0
475|Haibane Renmei|anime|0
6978|Haikyuu!!|anime|200276
9525|Haikyuu!!|manga|200276
10097|Haikyuu!! Karasuno Koukou vs. Shiratorizawa Gakuen Koukou|anime|200276
6979|Haikyuu!! Movie 1: Owari to Hajimari|anime|200276
17303|Haikyuu!! Movie 2: Shousha to Haisha|anime|200276
26688|Haikyuu!! Movie 3: Sainou to Sense|anime|200276
10119|Haikyuu!! Movie 4: Concept no Tatakai|anime|200276
6980|Haikyuu!! Riku vs. Kuu|anime|200276
10013|Haikyuu!! To the Top|anime|200276
6977|Haikyuu!! To the Top Part 2|anime|200276
1728|Hajime no Ippo|anime|200277
2285|Hajime no Ippo|manga|200277
8904|Hajime no Ippo: Boxer no Kobushi|anime|200277
1709|Hajime no Ippo: Champion Road|anime|200277
1732|Hajime no Ippo: Mashiba vs. Kimura|anime|200277
1729|Hajime no Ippo: New Challenger|anime|200277
1708|Hajime no Ippo: Rising|anime|200277
29379|Hajimete no Gal|anime|200278
39712|Hajimete no Gal|manga|200278
54265|Hamatora The Animation|anime|0
84529|Hana to Akuma|manga|0
18945|Hanada Shounen-shi|anime|0
4825|Hanamonogatari|anime|200001
52891|Hanasaku Iroha|anime|0
577|Handa-kun|anime|0
23811|Hanma Baki: Son of Ogre 2nd Season|anime|201037
80680|Happiness|manga|0
54564|Happy Sugar Life|anime|0
29521|Hataraku Maou-sama!|anime|200288
29698|Hataraku Maou-sama!!|anime|200288
9081|Hataraku Saibou|anime|200289
9082|Hataraku Saibou!!|anime|200289
57472|Hello World|anime|0
30768|Hellsing|anime|200291
835|Hellsing|manga|200291
606|Hellsing Ultimate|anime|200291
54739|Henkyou de Slow Life suru Koto ni Shimashita|anime|0
83245|Henshin|manga|0
31757|Hentai Ouji to Warawanai Neko.|anime|0
56729|Hetalia Axis Powers|anime|0
80248|Hibi Chouchou|manga|0
26712|Hibike! Euphonium|anime|200297
16352|Hibike! Euphonium 2|anime|200297
5787|Hidamari Sketch: Sae Hiro Sotsugyou-hen|anime|0
24324|Higashi no Eden|anime|201026
22232|Hige wo Soru. Soshite Joshikousei wo Hirou.|anime|200300
30171|Hige wo Soru. Soshite Joshikousei wo Hirou.|manga|200300
168|High School DxD Hero|anime|200003
2063|High School DxD OVA|anime|200003
4454|High Score Girl|anime|200303
4453|High Score Girl II|anime|200303
5401|High Score Girl: Extra Stage|anime|200303
29876|Highschool of the Dead|anime|200304
40416|Highschool of the Dead|manga|200304
29877|Highschool of the Dead: Drifters of the Dead|anime|200304
4849|Higurashi no Naku Koro ni Gou|anime|0
4848|Higurashi no Naku Koro ni Kai|anime|0
5781|Hikaru no Go|anime|200307
7856|Hikaru no Go|manga|200307
15877|Hikaru no Go: Hokuto Hai e no Michi|anime|200307
31035|Himouto! Umaru-chan|anime|200308
31036|Himouto! Umaru-chan R|anime|200308
28447|Hinamatsuri|manga|200309
20900|Hinamatsuri (TV)|anime|200309
20949|Hirunaka no Ryuusei|manga|0
82408|Hiyokoi|manga|0
5631|Hokuto no Ken|anime|200312
7645|Hokuto no Ken|manga|200312
1705|Holo no Graffiti|anime|201004
1706|Hololive Alternative|anime|201004
79363|Holyland|manga|0
68927|Homunculus|manga|0
5985|Honzuki no Gekokujou: Shisho ni Naru Tame ni wa Shudan wo Erandeiraremasen|anime|200317
5983|Honzuki no Gekokujou: Shisho ni Naru Tame ni wa Shudan wo Erandeiraremasen 2nd Season|anime|200317
5984|Honzuki no Gekokujou: Shisho ni Naru Tame ni wa Shudan wo Erandeiraremasen 3rd Season|anime|200317
40836|Horimiya|anime|200318
55049|Horimiya|manga|200318
40837|Horimiya: Piece|anime|200318
82180|Hoshi no Samidare|manga|0
11162|Hotaru no Haka|anime|0
17795|Hotarubi no Mori e|anime|0
13757|Houseki no Kuni|anime|200322
18729|Houseki no Kuni|manga|200322
3472|Howl no Ugoku Shiro|anime|0
613|Hunter x Hunter|anime|200324
531|Hunter x Hunter|manga|200324
378|Hunter x Hunter (2011)|anime|200324
1637|Hunter x Hunter: Greed Island|anime|200324
1108|Hunter x Hunter: Greed Island Final|anime|200324
1253|Hunter x Hunter: Original Video Animation|anime|200324
26722|Hyouge Mono|anime|0
8684|Hyouka|anime|0
10474|I Am a Hero|manga|0
15891|IDOLiSH7 Second Beat!|anime|200011
15848|IDOLiSH7 Third Beat! Part 2|anime|200011
15892|IDOLiSH7 Vibrato|anime|200011
12647|IS: Infinite Stratos|anime|200331
33657|IS: Infinite Stratos 2|anime|200331
84184|Ibitsu|manga|0
29892|Ichiban Ushiro no Daimaou|anime|0
83980|Ichigo 100%|manga|0
65555|Ichimanen de.|manga|0
47945|Ijiranaide|anime|200336
64619|Ijiranaide|manga|200336
79993|Imawa no Kuni no Alice|manga|0
52696|Imouto sae Ireba Ii.|anime|0
17880|Initial D Fifth Stage|anime|0
17877|Initial D Final Stage|anime|0
15880|Initial D First Stage|anime|0
17878|Initial D Fourth Stage|anime|0
17879|Initial D Second Stage|anime|0
82681|Innocent|manga|0
32311|Inou-Battle wa Nichijou-kei no Naka de|anime|0
22866|Interstella5555: The 5tory of The 5ecret 5tar 5ystem|anime|0
26362|Inu x Boku SS|anime|0
1546|InuYasha|manga|200348
1147|InuYasha: Kanketsu-hen|anime|200348
12410|Inuyashiki|anime|200349
16982|Inuyashiki|manga|200349
53159|Irozuku Sekai no Ashita kara|anime|0
53797|Isekai Cheat Magician|anime|0
30940|Isekai Maou to Shoukan Shoujo no Dorei Majutsu|anime|200353
30951|Isekai Maou to Shoukan Shoujo no Dorei Majutsu Î©|anime|200353
57514|Isekai Meikyuu de Harem wo|anime|0
53580|Isekai Ojisan|anime|0
57416|Isekai Shokudou|anime|0
57250|Isekai de Cheat Skill wo Te ni Shita Ore wa|anime|0
25758|Isekai wa Smartphone to Tomo ni.|anime|0
25301|Ishuzoku Reviewers|anime|0
53895|Isshuukan Friends.|anime|0
871|Itai no wa Iya nanode Bougyoryoku ni Kyokufuri Shitai to Omoimasu.|anime|201046
55210|Itazura na Kiss|anime|0
79573|Jagaaaaaan|manga|0
57638|Jahy-sama wa Kujikenai!|anime|0
5275|Jibaku Shounen Hanako-kun|anime|200365
7167|Jibaku Shounen Hanako-kun|manga|200365
22308|Jigokuraku|anime|200366
30271|Jigokuraku|manga|200366
55920|Jitsu wa Watashi wa|anime|200367
75814|Jitsu wa Watashi wa|manga|200367
9295|JoJo no Kimyou na Bouken Part 1: Phantom Blood|manga|0
9207|JoJo no Kimyou na Bouken Part 2: Sentou Chouryuu|manga|0
11341|JoJo no Kimyou na Bouken Part 3: Stardust Crusaders|anime|200370
6307|JoJo no Kimyou na Bouken Part 3: Stardust Crusaders|manga|200370
4666|JoJo no Kimyou na Bouken Part 3: Stardust Crusaders 2nd Season|anime|200370
4619|JoJo no Kimyou na Bouken Part 4: Diamond wa Kudakenai|anime|200371
6245|JoJo no Kimyou na Bouken Part 4: Diamond wa Kudakenai|manga|200371
4293|JoJo no Kimyou na Bouken Part 5: Ougon no Kaze|anime|200372
5819|JoJo no Kimyou na Bouken Part 5: Ougon no Kaze|manga|200372
21059|JoJo no Kimyou na Bouken Part 6: Stone Ocean|anime|200373
15601|JoJo no Kimyou na Bouken Part 6: Stone Ocean|manga|200373
11389|JoJo no Kimyou na Bouken Part 6: Stone Ocean Part 2|anime|200373
11385|JoJo no Kimyou na Bouken Part 6: Stone Ocean Part 3|anime|200373
58552|JoJo no Kimyou na Bouken Part 7: Steel Ball Run|manga|0
68236|JoJo no Kimyou na Bouken Part 8: JoJolion|manga|0
10579|Josee to Tora to Sakana-tachi|anime|0
85153|Judge|manga|0
1242|Jujutsu Kaisen|anime|200378
1653|Jujutsu Kaisen|manga|200378
1228|Jujutsu Kaisen 0 Movie|anime|200378
1654|Jujutsu Kaisen 0: Tokyo Toritsu Jujutsu Koutou Senmon Gakkou|manga|200378
1241|Jujutsu Kaisen 2nd Season|anime|200378
65554|Jumyou wo Kaitotte Moratta. Ichinen ni Tsuki|manga|0
56954|Junjou Romantica|anime|201025
54213|Just Because!|anime|0
81559|Juujika no Rokunin|manga|0
22768|Juuni Kokuki|anime|0
54981|Juuni Taisen|anime|0
15158|K-On! Movie|anime|200002
20727|K-On!!|anime|200002
53006|K: Missing Kings|anime|0
53005|K: Return of Kings|anime|0
84835|Kaette Kudasai! Akutsu-san|manga|0
3965|Kage no Jitsuryokusha ni Naritakute!|anime|200390
5369|Kage no Jitsuryokusha ni Naritakute!|manga|200390
12321|Kage no Jitsuryokusha ni Naritakute! 2nd Season|anime|200390
17736|Kaguya-hime no Monogatari|anime|0
455|Kaguya-sama wa Kokurasetai: First Kiss wa Owaranai|anime|200393
456|Kaguya-sama wa Kokurasetai: Tensai-tachi no Renai Zunousen|anime|200393
640|Kaguya-sama wa Kokurasetai: Tensai-tachi no Renai Zunousen|manga|200393
454|Kaguya-sama wa Kokurasetai: Ultra Romantic|anime|200393
43445|Kaguya-sama wa Kokurasetai: Ultra Romantic Teaser PV - Ishigami Yuu wa Kataritai|anime|200393
21259|Kaiba|anime|0
13669|Kaichou wa Maid-sama!|anime|200396
18621|Kaichou wa Maid-sama!|manga|200396
25080|Kaifuku Jutsushi no Yarinaoshi|anime|200397
34010|Kaifuku Jutsushi no Yarinaoshi|manga|200397
69573|Kaijuu 8-gou|manga|0
30161|Kakegurui|anime|200399
40797|Kakegurui|manga|200399
56237|Kakkou no Iinazuke|anime|0
27491|Kaku Tatakaeri Part 2|anime|0
26930|Kakushigoto|anime|0
17306|Kami nomi zo Shiru Sekai|anime|200403
4823|Kami nomi zo Shiru Sekai|manga|200403
3558|Kami nomi zo Shiru Sekai: Megami-hen|anime|200403
24283|Kamisama Hajimemashita|anime|200404
17398|Kamisama Hajimemashita|manga|200404
12790|Kamisama Hajimemashita OVA|anime|200404
12754|Kamisama Hajimemashita: Kako-hen|anime|200404
12828|Kamisama Hajimemashita: Kamisama|anime|200404
12738|Kamisama Hajimemashitaâ—Ž|anime|200404
82324|Kamisama ga Uso wo Tsuku.|manga|0
56793|Kamisama ni Natta Hi|anime|0
57778|Kamisama no Memochou|anime|0
24655|Kanata no Astra|anime|0
51412|Kanojo|anime|200409
69064|Kanojo|manga|200409
57298|Kanokon|anime|0
18662|Kanon (2006)|anime|0
62333|Kantai Collection: KanColle|anime|200412
108274|Kantai Collection: KanColle|game|200412
32795|Kara no Kyoukai Movie 1: Fukan Fuukei|anime|0
13497|Kara no Kyoukai Movie 2: Satsujin Kousatsu (Zen)|anime|0
25821|Kara no Kyoukai Movie 3: Tsuukaku Zanryuu|anime|0
10891|Kara no Kyoukai Movie 5: Mujun Rasen|anime|0
10915|Kara no Kyoukai Movie 7: Satsujin Kousatsu (Go)|anime|0
13055|Kara no Kyoukai Movie: Mirai Fukuin|anime|0
12626|Karakai Jouzu no (Moto) Takagi-san|manga|0
12625|Karakai Jouzu no Takagi-san|manga|200420
9420|Karakai Jouzu no Takagi-san 2|anime|200420
9209|Karakai Jouzu no Takagi-san 3|anime|200420
9208|Karakai Jouzu no Takagi-san Movie|anime|200420
3968|Katanagatari|anime|0
23002|Katekyou Hitman Reborn!|anime|200422
69934|Katekyou Hitman Reborn!|manga|200422
30363|Kawaii dake ja Nai Shikimori-san|anime|200423
41079|Kawaii dake ja Nai Shikimori-san|manga|200423
53775|Kawaikereba Hentai demo Suki ni Natte Kuremasu ka?|anime|0
23428|Kaze Tachinu|anime|0
13505|Kaze ga Tsuyoku Fuiteiru|anime|0
31802|Kaze no Stigma|anime|0
14841|Kaze no Tani no NausicaÃ¤|anime|0
20149|Kaze no Tani no Nausicaä|manga|0
33412|Keijo!!!!!!!!|anime|0
32549|Kekkai Sensen & Beyond|anime|0
16603|Kemono no Souja Erin|anime|0
82441|Kengan Ashura|manga|0
25856|Kenja no Mago|anime|0
3211|Kenpuu Denki Berserk|anime|0
2164|Kidou Keisatsu Patlabor 2 the Movie|anime|0
23323|Kidou Senshi Gundam 00|anime|200437
23468|Kidou Senshi Gundam 00 Second Season|anime|200437
9312|Kidou Senshi Gundam 0080: Pocket no Naka no Sensou|anime|200437
20017|Kidou Senshi Gundam Thunderbolt|anime|0
12771|Kidou Senshi Gundam Unicorn|anime|0
13285|Kidou Senshi Gundam: Dai 08 MS Shoutai|anime|0
16942|Kidou Senshi Gundam: Suisei no Majo Season 2|anime|201038
7266|Kidou Senshi Gundam: Tekketsu no Orphans|anime|200442
7265|Kidou Senshi Gundam: Tekketsu no Orphans 2nd Season|anime|200442
12770|Kidou Senshi Gundam: The Origin|anime|200443
12839|Kidou Senshi Gundam: The Origin - Zenya Akai Suisei|anime|200443
21637|Kill la Kill|anime|201016
80769|Killing Stalking|manga|0
4492|Kimetsu no Yaiba|anime|200446
6070|Kimetsu no Yaiba|manga|200446
38307|Kimetsu no Yaiba Movie: Mugen Ressha-hen|anime|200446
4493|Kimetsu no Yaiba: Katanakaji no Sato-hen|anime|200446
13557|Kimetsu no Yaiba: Mugen Ressha-hen|anime|200446
4488|Kimetsu no Yaiba: Yuukaku-hen|anime|200446
84|Kimi ni Todoke|anime|200447
126|Kimi ni Todoke|manga|200447
85|Kimi ni Todoke 2nd Season|anime|200447
73902|Kimi no Iru Machi|manga|0
84046|Kimi no Koto ga Daidaidaidaidaisuki na 100-nin no Kanojo|manga|0
3841|Kimi no Na wa.|anime|200450
5190|Kimi no Na wa.|manga|200450
9640|Kimi no Suizou wo Tabetai|anime|200451
13212|Kimi no Suizou wo Tabetai|manga|200451
55540|Kimi to Boku no Saigo no Senjou|anime|0
24342|Kimi wa Houkago Insomnia|anime|200453
33013|Kimi wa Houkago Insomnia|manga|200453
81517|Kimi wa Midara na Boku no Joou|manga|0
20019|Kindaichi Shounen no Jikenbo|anime|0
5701|Kingdom|manga|200456
48039|Kingdom 2nd Season|anime|200456
4202|Kingdom 3rd Season|anime|200456
48038|Kingdom 4th Season|anime|200456
17290|Kino no Tabi: The Beautiful World|anime|201015
56620|Kinsou no Vermeil: Gakeppuchi Majutsushi wa Saikyou no Yakusai to Mahou Sekai wo Tsukisusumu|anime|0
9213|Kiseijuu|manga|200459
6880|Kiseijuu: Sei no Kakuritsu|anime|200459
82126|Kishuku Gakkou no Juliet|manga|0
25266|Kiss x Sis|anime|200461
34246|Kiss x Sis|manga|200461
25265|Kiss x Sis (TV)|anime|200461
30606|Kiznaiver|anime|0
9253|Kizumonogatari I: Tekketsu-hen|anime|200001
9252|Kizumonogatari II: Nekketsu-hen|anime|200001
4608|Kizumonogatari III: Reiketsu-hen|anime|200001
56661|Knight's & Magic|anime|0
19086|Kobato.|anime|0
28188|Kobayashi-san Chi no Maid Dragon|anime|200468
23714|Kobayashi-san Chi no Maid Dragon|manga|200468
17443|Kobayashi-san Chi no Maid Dragon S|anime|200468
9815|Kodomo no Omocha (TV)|anime|0
520|Koe no Katachi|anime|200470
723|Koe no Katachi|manga|200470
57354|Koi to Senkyo to Chocolate|anime|0
33111|Koi to Uso|anime|200472
44841|Koi to Uso|manga|200472
58086|Koi to Yobu ni wa Kimochi Warui|anime|0
54540|Koi wa Ameagari no You ni|anime|0
84020|Koi wo Hajimemasu|manga|0
55718|Koibito Miman.|anime|200476
75546|Koibito Miman.|manga|200476
56502|Kokoro Connect: Michi Random|anime|201050
16452|Kokoro ga Sakebitagatterunda.|anime|0
14774|Kokou no Hito|manga|0
10175|Komi-san wa|anime|200480
13958|Komi-san wa|manga|200480
54239|Kono Bijutsu-bu ni wa Mondai ga Aru!|anime|0
9399|Kono Oto Tomare!|anime|200482
12882|Kono Oto Tomare!|manga|200482
9398|Kono Oto Tomare! Part 2|anime|200482
10950|Kono Sekai no Katasumi ni|anime|0
4814|Kono Subarashii Sekai ni Bakuen wo!|anime|0
23517|Kono Subarashii Sekai ni Shukufuku wo!|anime|200485
6542|Kono Subarashii Sekai ni Shukufuku wo!|manga|200485
4813|Kono Subarashii Sekai ni Shukufuku wo! 2|anime|200485
4861|Kono Subarashii Sekai ni Shukufuku wo! 2: Kono Subarashii Geijutsu ni Shukufuku wo!|anime|200485
33674|Kono Subarashii Sekai ni Shukufuku wo! Kono Subarashii Choker ni Shukufuku wo!|anime|200485
4812|Kono Subarashii Sekai ni Shukufuku wo! Movie: Kurenai Densetsu|anime|200485
17049|Kore wa Zombie desu ka?|anime|0
12690|Kotarou wa Hitorigurashi|anime|0
52638|Kotoura-san|anime|0
9798|Koukaku Kidoutai|anime|200489
9802|Koukaku Kidoutai 2|anime|200489
9019|Koukaku Kidoutai: Stand Alone Complex|anime|200489
9020|Koukaku Kidoutai: Stand Alone Complex - Solid State Society|anime|200489
9021|Koukaku Kidoutai: Stand Alone Complex - The Laughing Man|anime|200489
9018|Koukaku Kidoutai: Stand Alone Complex 2nd GIG|anime|200489
9022|Koukaku Kidoutai: Stand Alone Complex 2nd GIG - Individual Eleven|anime|200489
81157|Koukou Debut|manga|0
17152|Koukyoushihen Eureka Seven|anime|0
4765|Koyomimonogatari|anime|200001
84388|Kozure Ookami|manga|0
81529|Kubo-san wa Mob wo Yurusanai|manga|0
9035|Kumo desu ga|anime|200495
12535|Kumo desu ga|manga|200495
23496|Kuragehime|anime|0
28861|Kurenai no Buta|anime|0
10162|Kuroko no Basket|anime|200498
13938|Kuroko no Basket|manga|200498
11040|Kuroko no Basket 2nd Season|anime|200498
11039|Kuroko no Basket 3rd Season|anime|200498
11042|Kuroko no Basket Movie 4: Last Game|anime|200498
11041|Kuroko no Basket: Saikou no Present desu|anime|200498
5706|Kuroshitsuji|manga|200499
26245|Kuroshitsuji II|anime|200499
4205|Kuroshitsuji Movie: Book of the Atlantic|anime|200499
4206|Kuroshitsuji: Book of Circus|anime|200499
10213|Kuroshitsuji: Book of Murder|anime|200499
84457|Kusuriya no Hitorigoto|manga|0
56711|Kuusen Madoushi Kouhosei no Kyoukan|anime|0
1135|Kuzu no Honkai|anime|200502
1529|Kuzu no Honkai|manga|200502
22670|Kyokou Suiri|anime|0
84019|Kyou|manga|0
11339|Kyou kara Ore wa!!|anime|0
798|Kyou-hen|anime|0
4729|Kyoukai no Kanata Movie 2: I'll Be Here - Mirai-hen|anime|0
57804|Kyuukyoku Shinka shita Full Dive RPG ga Genjitsu yori mo Kusoge Dattara|anime|0
55035|Kämpfer|anime|0
12890|Last Game|manga|0
4006|Liar Game|manga|0
19613|Little Busters!|anime|200509
19612|Little Busters! Refrain|anime|200509
15959|Little Witch Academia|anime|200510
15458|Little Witch Academia (TV)|anime|200510
16360|Liz to Aoi Tori|anime|0
20457|Log Horizon|anime|200512
19968|Log Horizon 2nd Season|anime|200512
20459|Log Horizon: Entaku Houkai|anime|200512
79390|Look Back|manga|0
82972|Lookism|manga|0
56111|Love Hina|anime|200515
76095|Love Hina|manga|200515
32165|Love Live! School Idol Project|anime|200516
28232|Love Live! School Idol Project 2nd Season|anime|200516
28205|Love Live! Superstar!!|anime|0
81892|Love So Life|manga|0
56530|Love Stage!!|anime|0
22818|Lovely★Complex|anime|200520
30952|Lovely★Complex|manga|200520
8928|Lucky☆Star|anime|0
26835|Luo Xiao Hei Zhan Ji (Movie)|anime|200009
7452|Lupin III: Cagliostro no Shiro|anime|0
23012|Lupin III: Part 5|anime|0
12389|Lycoris Recoil|anime|0
84319|L♥DK|manga|0
57978|MM!|anime|0
30228|Machikado Mazoku|anime|0
53384|Machine-Doll wa Kizutsukanai|anime|0
28877|Macross F Movie 2: Sayonara no Tsubasa|anime|200024
20251|Macross: Do You Remember Love?|anime|200024
2349|Made in Abyss|anime|200532
3187|Made in Abyss|manga|200532
21601|Made in Abyss Movie 1: Tabidachi no Yoake|anime|200532
49256|Made in Abyss Movie 2: Hourou Suru Tasogare|anime|200532
8435|Made in Abyss Movie 3: Fukaki Tamashii no Reimei|anime|200532
3639|Made in Abyss: Retsujitsu no Ougonkyou|anime|200532
6270|Magi|manga|200533
9865|Magi: Sinbad no Bouken (TV)|anime|200533
4816|Magi: The Kingdom of Magic|anime|200533
4639|Magi: The Labyrinth of Magic|anime|200533
76141|Mahou Sensei Negima!|manga|201012
57083|Mahou Sensou|anime|0
9833|Mahou Shoujo Lyrical Nanoha A's|anime|200012
9832|Mahou Shoujo Lyrical Nanoha: The Movie 2nd A's|anime|200012
12476|Mahou Shoujo Madoka★Magica|anime|200538
12477|Mahou Shoujo Madoka★Magica Movie 1: Hajimari no Monogatari|anime|200538
13660|Mahou Shoujo Madoka★Magica Movie 2: Eien no Monogatari|anime|200538
12382|Mahou Shoujo Madoka★Magica Movie 3: Hangyaku no Monogatari|anime|200538
58004|Mahou Shoujo Site|anime|0
22240|Mahouka Koukou no Rettousei|anime|201021
11554|Mahoutsukai no Yome|anime|200541
15822|Mahoutsukai no Yome|manga|200541
24387|Mahoutsukai no Yome: Hoshi Matsu Hito|anime|200541
31686|Mairimashita! Iruma-kun|anime|200542
24398|Mairimashita! Iruma-kun|manga|200542
17947|Mairimashita! Iruma-kun 2nd Season|anime|200542
12990|Maison Ikkoku|anime|0
11432|Majo no Takkyuubin|anime|0
12805|Major Movie: Yuujou no Winning Shot|anime|200022
13073|Major S1|anime|200022
11629|Major S2|anime|200022
11628|Major S3|anime|200022
11630|Major S4|anime|200022
11626|Major S5|anime|200022
11627|Major S6|anime|200022
13960|Major: Message|anime|200022
13243|Major: World Series|anime|200022
54904|Maken-Ki!|anime|0
55957|Mamahaha no Tsurego ga Motokano datta|anime|0
55462|Mangaka-san to Assistant-san to The Animation|anime|0
54435|Maou Gakuin no Futekigousha: Shijou Saikyou no Maou no Shiso Tensei shite Shison-tachi no Gakkou e Kayou II|anime|0
57740|Maou-sama|anime|0
1017|Maoujou de Oyasumi|anime|200559
1374|Maoujou de Oyasumi|manga|200559
15248|Maoyuu Maou Yuusha|anime|0
13148|Masamune-kun no Revenge|manga|201030
79213|Mashle|manga|0
54953|Masou Gakuen HxH|anime|0
82018|Mato Seihei no Slave|manga|0
20255|Mawaru Penguindrum|anime|0
31260|Mayo Chiki!|anime|0
57030|Medaka Box|anime|200567
77419|Medaka Box|manga|200567
30252|Megalo Box|anime|0
32208|Mekakucity Actors|anime|0
55772|Midara na Ao-chan wa Benkyou ga Dekinai|anime|0
31526|Mieruko-chan|anime|200571
42682|Mieruko-chan|manga|200571
11619|Mimi wo Sumaseba|anime|0
82237|Minamoto-kun Monogatari|manga|0
6658|Mirai Nikki|anime|200574
9062|Mirai Nikki|manga|200574
6651|Mirai Nikki (TV)|anime|200574
23591|Mirai Shounen Conan|anime|0
913|Mo Dao Zu Shi|anime|200576
912|Mo Dao Zu Shi: Wanjie Pian|anime|200576
914|Mo Dao Zu Shi: Xian Yun Pian|anime|200576
2475|Mob Psycho 100|anime|200577
3356|Mob Psycho 100|manga|200577
2473|Mob Psycho 100 II|anime|200577
2474|Mob Psycho 100 III|anime|200577
24142|Mondaiji-tachi ga Isekai kara Kuru Sou desu yo?|anime|0
6440|Monogatari Series: First Season|manga|200001
4762|Monogatari Series: Second Season|anime|200001
8495|Mononoke|anime|200581
1977|Mononoke Hime|anime|200581
2251|Monster|anime|200582
3047|Monster|manga|200582
30383|Monster Musume no Iru Nichijou|anime|200013
41106|Monster Musume no Iru Nichijou|manga|200013
13500|Motto To LOVE-Ru|anime|200867
31437|Mousou Dairinin|anime|0
79885|Mugen no Juunin|manga|0
53540|Munou na Nana|anime|0
56456|Murabito A ni Tensei suru|anime|0
27948|Musaigen no Phantom World|anime|0
1419|Mushishi|anime|200589
1721|Mushishi|manga|200589
5717|Mushishi Zoku Shou|anime|200589
1282|Mushishi Zoku Shou 2nd Season|anime|200589
8807|Mushishi Zoku Shou: Odoro no Michi|anime|200589
8805|Mushishi Zoku Shou: Suzu no Shizuku|anime|200589
5770|Mushishi: Hihamukage|anime|200589
6092|Mushoku Tensei II: Isekai Ittara Honki Dasu|anime|0
6077|Mushoku Tensei: Isekai Ittara Honki Dasu|anime|200591
8266|Mushoku Tensei: Isekai Ittara Honki Dasu|manga|200591
6076|Mushoku Tensei: Isekai Ittara Honki Dasu Part 2|anime|200591
84652|Mx0|manga|0
16844|NHK ni Youkoso!|anime|200593
22894|NHK ni Youkoso!|manga|200593
64620|Nagatoro-san|manga|200594
47946|Nagatoro-san 2nd Attack|anime|200594
27198|Nagi no Asu kara|anime|0
33086|Nakitai Watashi wa Neko wo Kaburu|anime|0
80230|Namaikizakari.|manga|0
10367|Nana|anime|200598
14211|Nana|manga|200598
83854|Nana to Kaoru|manga|200598
12722|Nanatsu no Taizai|manga|200598
46299|Nanatsu no Taizai Movie 1: Tenkuu no Torawarebito|anime|200598
9282|Nanatsu no Taizai: Funnu no Shinpan|anime|200598
30816|Nanatsu no Taizai: Kamigami no Gekirin|anime|200598
30955|Nanatsu no Taizai: Seisen no Shirushi|anime|200598
53091|Nanbaka|anime|0
9036|Nani ka?|anime|200600
12536|Nani ka?|manga|200600
17073|Naruto|anime|200601
683|Naruto|manga|200601
685|Naruto Gaiden: Nanadaime Hokage to Akairo no Hanatsuzuki|manga|200601
984|Naruto Movie 1: Dai Katsugeki!! Yuki Hime Shinobu Houjou Dattebayo!|anime|200601
662|Naruto Movie 2: Dai Gekitotsu! Maboroshi no Chiteiiseki Dattebayo!|anime|200601
499|Naruto: Shippuuden|anime|200601
555|Naruto: Shippuuden Movie 1|anime|200601
501|Naruto: Shippuuden Movie 2 - Kizuna|anime|200601
986|Naruto: Shippuuden Movie 4 - The Lost Tower|anime|200601
502|Naruto: Shippuuden Movie 5 - Blood Prison|anime|200601
9494|Natsume Yuujinchou|anime|200602
5555|Natsume Yuujinchou|manga|200602
4192|Natsume Yuujinchou Go|anime|200602
10596|Natsume Yuujinchou Go Specials|anime|200602
10510|Natsume Yuujinchou Movie: Utsusemi ni Musubu|anime|200602
8423|Natsume Yuujinchou Roku|anime|200602
13336|Natsume Yuujinchou Roku Specials|anime|200602
4193|Natsume Yuujinchou San|anime|200602
4098|Natsume Yuujinchou Shi|anime|200602
21683|Natsume Yuujinchou: Ishi Okoshi to Ayashiki Raihousha|anime|200602
13337|Natsume Yuujinchou: Itsuka Yuki no Hi ni|anime|200602
53953|Nazo no Kanojo X|anime|200603
72947|Nazo no Kanojo X|manga|200603
53857|Nejimaki Seirei Senki: Tenkyou no Alderamin|anime|0
11642|Neko no Ongaeshi|anime|0
27110|Nekomonogatari|anime|200001
27118|Nekomonogatari: Kuro|anime|200001
3284|Neon Genesis Evangelion|anime|200607
4476|Neon Genesis Evangelion|manga|200607
3287|Neon Genesis Evangelion: Death & Rebirth|anime|200607
3283|Neon Genesis Evangelion: The End of Evangelion|anime|200607
21822|Net-juu no Susume|anime|0
28569|Netoge no Yome wa Onnanoko ja Nai to Omotta?|anime|0
32753|New Game!|anime|200610
32754|New Game!!|anime|200610
3949|Nichijou|anime|0
15751|NieR:Automata|game|200612
9038|NieR:Automata Ver1.1a|anime|200612
84163|Nijigahara Holograph|manga|0
58120|Nijiiro Days|anime|0
45594|Nisekoi|anime|200615
61424|Nisekoi|manga|200615
45595|Nisekoi:|anime|200615
4764|Nisemonogatari|anime|200001
210|No Game No Life|anime|200617
292|No Game No Life|manga|200617
19826|No Game No Life: Zero|anime|200617
32513|No.6|anime|200618
44027|No.6|manga|200618
6288|Noblesse|anime|200619
8502|Noblesse|manga|200625
18789|Nodame Cantabile|anime|200620
18790|Nodame Cantabile: Finale|anime|200620
18854|Nodame Cantabile: Paris-hen|anime|200620
18597|Nomad: Megalo Box 2|anime|0
4457|Non Non Biyori Movie: Vacation|anime|0
4456|Non Non Biyori Nonstop|anime|200623
4459|Non Non Biyori Nonstop: Bukatsu wo Ganbatta|anime|200623
4458|Non Non Biyori Repeat|anime|0
28921|Noragami|anime|200625
11650|Noragami|manga|200625
8501|Noragami Aragoto|anime|200625
8510|Noragami Aragoto OVA|anime|200625
8502|Noragami OVA|anime|200625
26159|Nurarihyon no Mago|anime|200626
35453|Nurarihyon no Mago|manga|200626
26158|Nurarihyon no Mago: Sennen Makyou|anime|200626
14956|Nyan Koi!|anime|0
54696|Oda Nobuna no Yabou|anime|0
452|Odd Taxi|anime|0
69065|Okarishimasu|manga|200630
51413|Okarishimasu 2nd Season|anime|200630
54666|Okusama ga Seitokaichou!|anime|201027
15368|Omae Umasou da na|anime|0
57656|Omamori Himari|anime|0
21295|Omniscient Reader|manga|0
81775|Omoide Emanon|manga|0
18232|Omoide no Marnie|anime|0
68750|Onanie Master Kurosawa|manga|0
14311|One Outs|anime|0
756|One Piece|anime|200639
40264|One Piece|manga|200639
1568|One Piece Film: Strong World|anime|200639
34553|One Piece Film: Strong World Episode 0|anime|200639
6914|One Piece Film: Z|anime|200639
11671|One Piece Movie 14: Stampede|anime|200639
34550|One Piece: Episode of Merry - Mou Hitori no Nakama no Monogatari|anime|200639
34571|One Piece: Episode of Nami - Koukaishi no Namida to Nakama no Kizuna|anime|200639
10524|One Punch Man|anime|200640
37060|One Punch Man Specials|anime|200640
37059|One Punch Man: Road to Hero|anime|200640
14427|One Punch-Man|manga|0
54285|Oniichan dakedo Ai sae Areba Kankeinai yo ne!|anime|0
8934|Ookami Kodomo no Ame to Yuki|anime|0
31698|Ookami Shoujo to Kuro Ouji|anime|200644
42920|Ookami Shoujo to Kuro Ouji|manga|200644
12662|Ookami to Koushinryou|anime|200645
17298|Ookami to Koushinryou|manga|200645
16834|Ookami to Koushinryou II|anime|200645
55478|Ookami-san to Shichinin no Nakama-tachi|anime|0
16890|Ookiku Furikabutte: Natsu no Taikai-hen|anime|0
67383|Orange|manga|200648
85045|Orange Marmalade|manga|200648
4748|Ore Monogatari!!|anime|0
55522|"Ore ga Ojousama Gakkou ni ""Shomin Sample"" Toshite Gets♥Sareta Ken"|anime|0
29159|Ore no Imouto ga Konnani Kawaii Wake ga Nai|anime|200651
32346|Ore no Imouto ga Konnani Kawaii Wake ga Nai.|anime|200651
27077|Ore no Kanojo to Osananajimi ga Shuraba Sugiru|anime|0
33483|Ore no Nounai Sentakushi ga|anime|0
30436|Ore wo Suki nano wa Omae dake ka yo|anime|0
56482|Osananajimi ga Zettai ni Makenai Love Comedy|anime|0
1264|Osomatsu-san|anime|0
55432|Otome Game Sekai wa Mob ni Kibishii Sekai desu|anime|0
32418|Otome Game no Hametsu Flag shika Nai Akuyaku Reijou ni Tensei shiteshimatta...|anime|201045
56035|Otonari no Tenshi-sama ni Itsunomanika Dame Ningen ni Sareteita Ken|anime|0
80790|Otoyomegatari|manga|0
2742|Ouran Koukou Host Club|anime|200661
6342|Ouran Koukou Host Club|manga|200661
57598|Ousama Game The Animation|anime|0
10356|Ousama Ranking|anime|0
31431|Overlord|manga|200664
23168|Overlord IV|anime|200664
6525|Owari no Seraph|manga|0
4609|Owarimonogatari|anime|200001
1350|Owarimonogatari 2nd Season|anime|200001
52072|Oyasumi Punpun|manga|0
47532|Pandora Hearts|anime|200668
64020|Pandora Hearts|manga|200668
22747|Paprika|anime|0
83116|Paradise Kiss|manga|0
3061|Paripi Koumei|anime|0
10423|Perfect Blue|anime|0
44217|Persona 3|game|200673
25866|Persona 3 the Movie 4: Winter of Rebirth|anime|200673
96478|Persona 4|game|200674
25905|Persona 4 the Animation|anime|200674
44283|Persona 4|game|200674
25906|Persona 5 the Animation|anime|0
30300|Petit Seka|anime|201000
29195|Phantom: Requiem for the Phantom|anime|0
8386|Ping Pong the Animation|anime|0
19258|Planetes|anime|200679
26602|Planetes|manga|200679
29643|Plastic Memories|anime|0
81403|Platinum End|manga|0
24691|Plunderer|anime|0
2288|Pluto|manga|0
23206|Pocket Monsters Special|manga|200685
17075|Pokemon|anime|200685
17518|Pokemon Movie 01: Mewtwo no Gyakushuu|anime|200685
55262|Princess Connect! Re:Dive|anime|0
22420|Princess Tutu|anime|0
68608|Prison School|manga|201034
51689|Project SEKAI COLORFUL STAGE! feat. Hatsune Miku|game|201000
55627|Promare|anime|0
2051|Psycho-Pass|anime|200691
7160|Psycho-Pass 2|anime|200691
7170|Psycho-Pass 3|anime|200691
7169|Psycho-Pass Movie|anime|200691
18392|Psyren|manga|0
14659|Pui Pui Molcar|anime|0
58070|Punch Line|anime|0
21773|Quanzhi Gaoshou Specials|anime|200025
23137|Quanzhi Gaoshou: Dianfeng Rongyao|anime|200025
12329|Rainbow: Nisha Rokubou no Shichinin|anime|0
2067|Ramayana: The Legend of Prince Rama|anime|0
57103|Ranma ½|anime|200699
77521|Ranma ½|manga|200699
57460|Rave|manga|0
2526|Re:Creators|anime|0
83035|Re:Monster|manga|0
8040|Re:Zero kara Hajimeru Isekai Seikatsu|anime|200703
2850|Re:Zero kara Hajimeru Isekai Seikatsu|manga|200703
15415|Re:Zero kara Hajimeru Isekai Seikatsu - Hyouketsu no Kizuna|anime|200703
5037|Re:Zero kara Hajimeru Isekai Seikatsu - Memory Snow|anime|200703
2109|Re:Zero kara Hajimeru Isekai Seikatsu 2nd Season|anime|200703
2108|Re:Zero kara Hajimeru Isekai Seikatsu 2nd Season Part 2|anime|200703
48620|ReLIFE|anime|200704
65359|ReLIFE|manga|200704
48496|ReLIFE: Kanketsu-hen|anime|200704
79342|Real|manga|0
18080|Redline|anime|0
84676|Reimei no Arcana|manga|0
57741|Retry!|anime|0
498|Road of Naruto|anime|200601
16332|Rokka no Yuusha|anime|0
30832|Rokudenashi Majutsu Koushi to Akashic Records|anime|0
18257|Romantic Killer|anime|0
15983|Romeo no Aoi Sora|anime|0
873|Rosario to Vampire|anime|200714
1455|Rosario to Vampire|manga|200714
874|Rosario to Vampire Capu2|anime|200714
14803|Rosario to Vampire: Season II|manga|200714
10295|Rurouni Kenshin: Meiji Kenkaku Romantan|anime|200715
7281|Rurouni Kenshin: Meiji Kenkaku Romantan|manga|200715
10296|Rurouni Kenshin: Meiji Kenkaku Romantan - Seisou-hen|anime|200715
5357|Rurouni Kenshin: Meiji Kenkaku Romantan - Tsuioku-hen|anime|200715
57820|Ryuugajou Nanana no Maizoukin|anime|0
8405|SKET Dance|collab|0
3691|SK∞|anime|0
81748|SQ: Begin W/Your Name!|manga|0
54828|SSSS.Gridman|anime|0
57618|Sabikui Bisco|anime|0
83977|Sabishisugite Lesbian Fuuzoku ni Ikimashita Report|manga|0
84598|Sachi-iro no One Room|manga|0
6331|Saenai Heroine no Sodatekata|anime|200724
8825|Saenai Heroine no Sodatekata Fine|anime|200724
55240|Saihate no Paladin|anime|0
33692|Saijaku Muhai no Bahamut|anime|0
4755|Saiki Kusuo no Ψ-nan|anime|200727
4417|Saiki Kusuo no Ψ-nan 2|anime|200727
4756|Saiki Kusuo no Ψ-nan: Kanketsu-hen|anime|200727
4418|Saiki Kusuo no Ψ-nan: Î¨-shidou-hen|anime|200727
18364|Saint Seiya: Meiou Hades Juuni Kyuu-hen|anime|0
27236|Saint Seiya: The Lost Canvas - Meiou Shinwa|anime|200729
18784|Saint Seiya: The Lost Canvas - Meiou Shinwa 2|anime|200729
15426|Saiunkoku Monogatari 2nd Season|anime|0
16909|Sakamichi no Apollon|anime|0
79285|Sakamoto Days|manga|0
11047|Sakasama no Patema|anime|0
56439|Sakura Trick|anime|0
1572|Sakura-sou no Pet na Kanojo|anime|0
30108|Sakusei Byoutou The Animation|anime|0
11053|Samurai Champloo|anime|0
20384|Sankarea|anime|200738
27745|Sankarea|manga|200738
7127|Sasaki to Miyano|anime|0
6132|Satsuriku no Tenshi|anime|0
12896|Sayonara Eri|manga|0
13407|Sayonara no Asa ni Yakusoku no Hana wo Kazarou|anime|0
5629|School Days|anime|0
1748|School Rumble|anime|200744
1747|School Rumble Ni Gakki|anime|200744
54086|Seiken Tsukai no World Break|anime|0
53200|Seikon no Qwaser|anime|201040
23109|Seirei no Moribito|anime|0
57874|Seiren|anime|0
4548|Seishun Buta Yarou wa Bunny Girl Senpai no Yume wo Minai|anime|0
4547|Seishun Buta Yarou wa Yumemiru Shoujo no Yume wo Minai|anime|0
31280|Seitokai Yakuindomo|anime|200751
31281|Seitokai Yakuindomo*|anime|200751
24614|Sekai Saikou no Ansatsusha, Isekai Kizoku ni Tensei suru|anime|0
33304|Sekirei|anime|200753
33305|Sekirei: Pure Engagement|anime|200753
4785|Sen to Chihiro no Kamikakushi|anime|0
15113|Senki Zesshou Symphogear XV|anime|0
4523|Sennen Joyuu|anime|0
53600|Senpai ga Uzai Kouhai no Hanashi|anime|0
24576|Serial Experiments Lain|anime|0
55134|Servamp|anime|0
53256|Seto no Hanayome|anime|0
82435|Seven Days|manga|0
13231|Shadows House|anime|200762
13139|Shadows House 2nd Season|anime|200762
25914|Shakugan no Shana|anime|200763
25915|Shakugan no Shana II (Second)|anime|200763
25916|Shakugan no Shana III (Final)|anime|200763
77117|Shaman King|manga|200764
56815|Shaman King (2021)|anime|200764
53410|Shelter (Music)|anime|0
12829|Shiawase ni Naru|anime|0
3979|Shigatsu wa Kimi no Uso|anime|200767
5388|Shigatsu wa Kimi no Uso|manga|200767
5731|Shiguang Dailiren|anime|200768
5732|Shiguang Dailiren II|anime|200768
56455|Shijou Saikyou no Daimaou|anime|0
19609|Shijou Saikyou no Deshi Kenichi|anime|200770
26681|Shijou Saikyou no Deshi Kenichi|manga|200770
22343|Shiki|anime|0
81913|Shimanami Tasogare|manga|0
54738|Shin no Nakama ja Nai to Yuusha no Party wo Oidasareta node|anime|0
20940|Shinchou Yuusha: Kono Yuusha ga Ore Tueee Kuse ni Shinchou Sugiru|anime|0
33265|Shingeki no Bahamut: Genesis|anime|0
33299|Shingeki no Bahamut: Virgin Soul|anime|0
10463|Shingeki no Kyojin|anime|200777
45683|Shingeki no Kyojin|manga|200777
31968|Shingeki no Kyojin OVA|anime|200777
33853|Shingeki no Kyojin Season 2|anime|200777
8551|Shingeki no Kyojin Season 3|anime|200777
33847|Shingeki no Kyojin Season 3 Part 2|anime|200777
85174|Shingeki no Kyojin: Before the Fall|manga|200777
9775|Shingeki no Kyojin: Kuinaki Sentaku|anime|200777
13402|Shingeki no Kyojin: Kuinaki Sentaku|manga|200777
10482|Shingeki no Kyojin: Lost Girls|anime|200777
33849|Shingeki no Kyojin: The Final Season|anime|200777
2287|Shingeki no Kyojin: The Final Season - Kanketsu-hen|anime|200777
33850|Shingeki no Kyojin: The Final Season Part 2|anime|200777
31969|Shingeki! Kyojin Chuugakkou|anime|0
2220|Shinmai Maou no Testament|anime|0
29529|Shinryaku! Ika Musume|anime|0
18104|Shinsekai yori|anime|0
17937|Shirobako|anime|0
21828|Shokugeki no Souma|anime|200783
40946|Shokugeki no Souma|manga|200783
30265|Shokugeki no Souma: Gou no Sara|anime|200783
30261|Shokugeki no Souma: Ni no Sara|anime|200783
30262|Shokugeki no Souma: San no Sara|anime|200783
30263|Shokugeki no Souma: San no Sara - Tootsuki Ressha-hen|anime|200783
30264|Shokugeki no Souma: Shin no Sara|anime|200783
18664|Shoujo Kakumei Utena|anime|0
13930|Shoujo Shuumatsu Ryokou|anime|200785
18939|Shoujo Shuumatsu Ryokou|manga|200785
9744|Shoujo☆Kageki Revue Starlight Movie|anime|0
80059|Shounen no Abyss|manga|0
9504|Shouwa Genroku Rakugo Shinjuu|anime|200788
5301|Shouwa Genroku Rakugo Shinjuu: Sukeroku Futatabi-hen|anime|200788
55402|Shuffle!|anime|0
57187|Shuumatsu no Harem|anime|200790
77636|Shuumatsu no Harem|manga|200790
51001|Shuumatsu no Walküre|anime|200791
68775|Shuumatsu no Walküre|manga|200791
57482|Sirius|anime|0
1992|Skip Beat!|anime|200793
19563|Skip Beat!|manga|200793
4740|Skip to Loafer|anime|0
3257|Slam Dunk|anime|200795
4437|Slam Dunk|manga|200795
25936|Slayers Next|anime|0
62263|Smile Precure!|anime|0
3869|Solanin|manga|0
50513|Solo Leveling|manga|0
55108|Somali to Mori no Kamisama|anime|0
54786|Sonny Boy|anime|0
12633|Sono Bisque Doll wa Koi wo Suru|anime|200802
17260|Sono Bisque Doll wa Koi wo Suru|manga|200802
21120|Sora no Otoshimono|anime|200803
28736|Sora no Otoshimono|manga|200803
21121|Sora no Otoshimono Forte|anime|200803
10992|Sora yori mo Tooi Basho|anime|0
53919|Soredemo Sekai wa Utsukushii|anime|0
8866|Soul Eater|manga|201013
23667|Sousei no Onmyouji|anime|200807
32102|Sousei no Onmyouji|manga|200807
79060|Sousou no Frieren|manga|0
18735|Space☆Dandy 2nd Season|anime|0
84988|Special A|manga|0
84619|Spirit Circle|manga|0
17022|Spy x Family|anime|200812
18291|Spy x Family|manga|200812
13419|Spy x Family Part 2|anime|200812
24849|Stand By Me Doraemon|anime|200813
20332|Stand By Me Doraemon 2|anime|200813
193|Steins;Gate|anime|200814
4482|Steins;Gate 0|anime|200814
4483|Steins;Gate Movie: Fuka Ryouiki no DéjÃ  vu|anime|200814
3898|Steins;Gate: Kyoukaimenjou no Missing Link - Divide By Zero|anime|200814
236|Steins;Gate: Oukoubakko no Poriomania|anime|200814
6768|Stranger: Mukou Hadan|anime|0
9964|Strike the Blood|anime|201017
62113|Strobe Edge|manga|0
1438|Succubus Stayed Life|manga|0
52662|Suisei no Gargantia|anime|0
7229|Suki tte Ii na yo.|anime|200820
9863|Suki tte Ii na yo.|manga|200820
22977|Summer Wars|anime|0
11636|Summertime Render|anime|200822
15931|Summertime Render|manga|200822
7104|Sun-Ken Rock|manga|0
84508|Sundome|manga|0
73884|Suzuka|manga|0
14562|Suzume no Tojimari|anime|0
8894|Suzumiya Haruhi no Shoushitsu|anime|200010
29492|Suzumiya Haruhi no Yuuutsu (2009)|anime|200010
80476|Sweet Home|manga|0
22928|Sword Art Online|anime|200830
31099|Sword Art Online|manga|200830
20356|Sword Art Online Alternative: Gun Gale Online|anime|200830
23750|Sword Art Online II|anime|200830
23752|Sword Art Online Movie: Ordinal Scale|anime|200830
23751|Sword Art Online: Alicization - War of Underworld|anime|200830
22929|Sword Art Online: Alicization - War of Underworld 2nd Season|anime|200830
23754|Sword Art Online: Extra Edition|anime|200830
23749|Sword Art Online: Progressive Movie - Hoshi Naki Yoru no Aria|anime|200830
55063|Taboo Tattoo|anime|0
54858|Tada-kun wa Koi wo Shinai|anime|0
55082|Tadaima Isekai e Odekakechuu|anime|0
53981|Taimadou Gakuen 35 Shiken Shoutai|anime|0
21244|Taiyou no Ie|manga|0
29222|Takarajima|anime|0
31187|Takt Op. Destiny|anime|0
53336|Tales of Zestiria the Cross|anime|201031
24245|Tamako Market|anime|0
23275|Tamayura: Sotsugyou Shashin Part 4 - Ashita|anime|0
30381|Tanaka-kun wa Itsumo Kedaruge|anime|0
10781|Tanoshii Muumin Ikka|anime|0
33544|Tasogare Otome x Amnesia|anime|200843
45444|Tasogare Otome x Amnesia|manga|200843
2982|Tate no Yuusha no Nariagari|anime|200844
4073|Tate no Yuusha no Nariagari|manga|200844
2983|Tate no Yuusha no Nariagari Season 2|anime|200844
2984|Tate no Yuusha no Nariagari Season 3|anime|200844
55693|Tatoeba Last Dungeon Mae no Mura no Shounen ga Joban no Machi de Kurasu Youna Monogatari|anime|0
55705|Tejina-senpai|anime|0
26676|Tekkon Kinkreet|anime|0
82306|Ten Count|manga|0
8278|Tengen Toppa Gurren Lagann|anime|200849
9222|Tengen Toppa Gurren Lagann Movie 1: Gurren-hen|anime|200849
9079|Tengen Toppa Gurren Lagann Movie 2: Lagann-hen|anime|200849
7105|Tengoku Daimakyou|anime|0
12194|Tenki no Ko|anime|0
53819|Tenkuu Shinpan|anime|200852
72752|Tenkuu Shinpan|manga|200852
6936|Tenkuu no Shiro Laputa|anime|0
12889|Tennis no Oujisama: Zenkoku Taikai-hen - Final|anime|201024
56255|Tensai Ouji no Akaji Kokka Saisei Jutsu|anime|0
57452|Tensei shitara Ken deshita|anime|0
51615|Tensei shitara Slime Datta Ken|anime|200857
5054|Tensei shitara Slime Datta Ken|manga|200857
3734|Tensei shitara Slime Datta Ken 2nd Season|anime|200857
3735|Tensei shitara Slime Datta Ken 2nd Season Part 2|anime|200857
3736|Tensura Nikki: Tensei shitara Slime Datta Ken|anime|200857
83770|Terra Formars|manga|0
57390|Texhnolyze|anime|0
21932|The Breaker|manga|200860
21926|The Breaker: New Waves|manga|200860
3256|The First Slam Dunk|anime|200795
80548|The God of High School|manga|0
79615|The Horizon|manga|0
492|The Last: Naruto the Movie|anime|200601
84760|The New Gate|manga|0
15577|Tian Guan Cifu|anime|200866
16876|Tian Guan Cifu Special|anime|200866
13499|To LOVE-Ru|anime|200867
18402|To LOVE-Ru|manga|200867
18403|To LOVE-Ru Darkness|manga|200867
13501|To LOVE-Ru Darkness 2nd|anime|200867
21025|Toaru Kagaku no Railgun|anime|200868
1698|Toaru Kagaku no Railgun S|anime|200868
1697|Toaru Kagaku no Railgun T|anime|200868
26055|Toaru Majutsu no Index II|anime|200869
2032|Toaru Majutsu no Index III|anime|200869
19751|Toki wo Kakeru Shoujo|anime|0
84478|Tokidoki|manga|201020
29344|Tokyo Ghoul|anime|200872
50049|Tokyo Ghoul|manga|200872
37004|Tokyo Ghoul √A|anime|200872
37036|"Tokyo Ghoul: ""Jack"""|anime|200872
56049|Tokyo Ghoul:re|manga|200872
18987|Tokyo Godfathers|anime|0
8926|Tokyo Magnitude 8|anime|0
12596|Tokyo Ravens|anime|0
17292|Tokyo Revengers|anime|200876
17293|Tokyo Revengers: Seiya Kessen-hen|anime|200876
23515|Tokyo卍Revengers|manga|0
79174|Tomie|manga|0
70152|Tomo-chan wa Onnanoko!|manga|0
81106|Tomodachi Game|manga|0
804|Tomoyo-hen|anime|0
8174|Tonari no Kaibutsu-kun|manga|0
3900|Tonari no Totoro|anime|0
70868|Tongari Boushi no Atelier|manga|0
30746|Tonikaku Kawaii|anime|200885
16078|Tonikaku Kawaii|manga|200885
11745|Tonikaku Kawaii: SNS|anime|200885
24994|Toradora!|anime|0
84196|Toriko|manga|0
80512|Totsukuni no Shoujo|manga|0
26253|Touch|anime|0
5774|Touhou Bougetsushou: Cage in Lunatic Runagate.|manga|201002
5772|Touhou Bougetsushou: Silent Sinner in Blue.|manga|201002
5773|Touhou Bougetsushou: Tsuki no Inaba to Chijou no Inaba|manga|201002
20726|Touhou Chireikiden: Hansoku Tantei Satori|manga|201002
10250|Touhou Gumonshiki ~ Memorizable Gensokyo|manga|201002
5722|Touhou Ibara Kasen: Wild and Horned Hermit.|manga|201002
9806|Touhou Kourindou: Curiosities of Lotus Asia.|manga|201002
34732|Touhou Project Niji Sousaku Series: Kirenu Hai nado Anmari Nai!|manga|201002
10251|Touhou Project Niji Sousaku Series: Ningen-tachi no Gensoukyou|manga|201002
20783|Touhou Project Niji Sousaku Series: Sanae-san wa Iedechuu!|manga|201002
5768|Touhou Project Niji Sousaku Series: Shinigami wa Kyou mo Fune wo Kogu|manga|201002
10457|Touhou Sangetsusei: Eastern and Little Nature Deity|manga|201002
5767|Touhou Sangetsusei: Oriental Sacred Place|manga|201002
9712|Touhou Sangetsusei: Strange and Bright Nature Deity|manga|201002
1469|Touhou Sangetsusei: Visionary Fairies in Shrine.|manga|201002
5744|Touhou Suichouka: Lotus Eater-tachi no Suisei|manga|201002
1417|Touhou Suzunaan: Forbidden Scrollery.|manga|201002
62162|Tower of God|manga|0
10691|Trigun|anime|201048
84709|Trinity Seven: 7-nin no Mashotsukai|manga|0
84325|Tsubaki-chou Lonely Planet|manga|0
20572|Tsubasa: RESERVoir CHRoNiCLE|manga|0
15146|Tsubasa: Shunraiki|anime|0
15145|Tsubasa: Tokyo Revelations|anime|0
9852|Tsuki ga Kirei|anime|0
1351|Tsukimonogatari|anime|200001
10936|Tsumiki no Ie|anime|0
23488|Tsurezure Children|anime|200917
31861|Tsurezure Children|manga|200917
23986|Tsurune: Tsunagari no Issha|anime|0
55360|Tsuujou Kougeki ga Zentai Kougeki de Ni-kai Kougeki no Okaasan wa Suki desu ka?|anime|0
76143|UQ Holder!|manga|201012
24916|Uchouten Kazoku 2|anime|201028
11855|Uchuu Kyoudai|anime|0
12499|Uchuu Senkan Yamato 2199|anime|0
12198|Uma Musume: Pretty Derby Season 2|anime|201049
79645|Umibe no Onnanoko|manga|0
12493|Usagi Drop|anime|200926
17087|Usagi Drop|manga|200926
9329|Utsuro no Hako to Zero no Maria|manga|0
5775|Uzaki-chan wa Asobitai!|anime|200928
7848|Uzaki-chan wa Asobitai!|manga|200928
59930|Uzumaki|manga|0
54987|Vagabond|manga|0
10002|Vampire Knight|anime|200931
13723|Vampire Knight|manga|200931
24608|Vanitas no Karte|anime|200932
25139|Vanitas no Karte|manga|200932
18489|Vanitas no Karte Part 2|anime|200932
82006|Velvet Kiss|manga|0
14514|Versailles no Bara|anime|0
50732|Vigilante: Boku no Hero Academia Illegals|manga|0
41246|Vinland Saga|anime|200936
5505|Vinland Saga|manga|200936
4062|Vinland Saga Season 2|anime|200936
1170|Violet Evergarden|anime|200937
12881|Violet Evergarden Gaiden: Eien to Jidou Shuki Ningyou|anime|200937
1140|Violet Evergarden Movie|anime|200937
15728|"Violet Evergarden: Kitto ""Ai"" wo Shiru Hi ga Kuru no Darou"|anime|200937
2212|Violet Evergarden: Recollections|anime|200937
9925|Vivy: Fluorite Eye's Song|anime|0
7738|Watashi ga Motenai no wa Dou Kangaetemo Omaera ga Warui!|anime|200939
10565|Watashi ga Motenai no wa Dou Kangaetemo Omaera ga Warui!|manga|200939
32127|Watashi ga Motete Dousunda|anime|200940
43510|Watashi ga Motete Dousunda|manga|200940
81784|Watashi ni xx Shinasai!|manga|0
14566|Watashi no Shiawase na Kekkon|anime|0
631|Watashitachi no Shiawase na Jikan|manga|0
7630|Where We Are Least Alone.|anime|0
57534|White Album 2|anime|0
84097|Who Made Me a Princess|manga|0
84400|Wind Breaker|manga|0
52716|Witch Craft Works|anime|0
17241|Wolf's Rain|anime|200949
17240|Wolf's Rain OVA|anime|200949
30565|Wonder Egg Priority|anime|201036
22519|Working!!!|anime|200951
22517|Working!!! Lord of the Takanashi|anime|200951
22518|Working'!!|anime|0
33211|World Trigger|anime|200953
17128|World Trigger|manga|200953
12523|World Trigger 2nd Season|anime|200953
12522|World Trigger 3rd Season|anime|200953
51189|Wotaku ni Koi wa Muzukashii|anime|200954
69038|Wotaku ni Koi wa Muzukashii|manga|200954
51235|Wotaku ni Koi wa Muzukashii OVA|anime|200954
5479|Wu Liuqi: Xuanwu Guo Pian|anime|0
5480|Wu Liuqi: Zui Qiang Fa Xing Shi|anime|0
54041|Xian Wang de Richang Shenghuo|anime|201042
9534|Yagate Kimi ni Naru|anime|200958
13063|Yagate Kimi ni Naru|manga|200958
10944|Yahari Ore no Seishun Love Comedy wa Machigatteiru.|anime|200959
15001|Yahari Ore no Seishun Love Comedy wa Machigatteiru.|manga|200959
14596|Yahari Ore no Seishun Love Comedy wa Machigatteiru. Kan|anime|200959
14598|Yahari Ore no Seishun Love Comedy wa Machigatteiru. OVA|anime|200959
14597|Yahari Ore no Seishun Love Comedy wa Machigatteiru. Zoku|anime|200959
23285|Yahari Ore no Seishun Love Comedy wa Machigatteiru. Zoku OVA|anime|200959
11122|Yakusoku no Neverland|anime|200960
15258|Yakusoku no Neverland|manga|200960
0|Yamada-kun to 7-nin no Majo|manga|0
52870|Yamada-kun to Lv999 no Koi wo Suru|anime|200962
71366|Yamada-kun to Lv999 no Koi wo Suru|manga|200962
55379|Yamemasu|anime|0
84349|Yancha Gal no Anjou-san|manga|0
28|Yankee-kun to Megane-chan|manga|0
54125|Yesterday wo Utatte|anime|0
14590|Yofukashi no Uta|anime|200967
19829|Yofukashi no Uta|manga|200967
9622|Yojouhan Shinwa Taikei|anime|0
10823|Yojouhan Time Machine Blues|anime|0
80521|Yokohama Kaidashi Kikou|manga|0
470|Yoru wa Mijikashi Arukeyo Otome|anime|0
7629|Yosuga no Sora: In Solitude|anime|0
9734|Yotsuba to!|manga|0
9733|Yotsuba&!|manga|0
20231|Youjo Senki|anime|200975
6962|Youjo Senki Movie|anime|200975
31026|Youkoso Jitsuryoku Shijou Shugi no Kyoushitsu e|manga|200976
22874|Youkoso Jitsuryoku Shijou Shugi no Kyoushitsu e 2nd Season|anime|200976
13928|Yowamushi Pedal: Grande Road|anime|201044
54505|Yuragi-sou no Yuuna-san|anime|200978
73768|Yuragi-sou no Yuuna-san|manga|200978
27506|Yuri!!! on Ice: Yuri Plisetsky GPF in Barcelona EX - Welcome to The Madness|anime|0
19248|Yuru Camp△|anime|200980
4624|Yuru Camp△ Movie|anime|200980
4623|Yuru Camp△ Season 2|anime|200980
26863|Yuuki Yuuna wa Yuusha de Aru: Washio Sumi no Shou 3 - Yakusoku|anime|201035
2608|Yuukoku no Moriarty|anime|200982
19169|Yuukoku no Moriarty Part 2|anime|200982
55378|Yuusha|anime|200983
54173|Yuusha ni Narenakatta Ore wa Shibushibu Shuushoku wo Ketsui Shimashita.|anime|200983
24920|Yuusha-Ou GaoGaiGar Final|anime|200983
2875|Yuu☆Yuu☆Hakusho|anime|200984
3912|Yuu☆Yuu☆Hakusho|manga|200984
57706|Yu☆Gi☆Oh!|anime|200006
24930|Zankyou no Terror|anime|0
55979|Zero kara Hajimeru Mahou no Sho|anime|0
24671|Zero no Tsukaima F|anime|0
24669|Zero no Tsukaima: Futatsuki no Kishi|anime|0
24670|Zero no Tsukaima: Princesses no Rondo|anime|0
85075|Zetman|manga|0
23721|Zetsuen no Tempest|anime|0
9365|Zoku Natsume Yuujinchou|anime|0
4767|Zoku Owarimonogatari|anime|200001
18575|Zom 100: Zombie ni Naru made ni Shitai 100 no Koto|anime|0
31349|Zombieland Saga|anime|200996
10976|Zombieland Saga Revenge|anime|200996
26517|ef: A Tale of Melodies.|anime|200023
26518|ef: A Tale of Memories.|anime|200023
17276|xxxHOLiC|anime|200999
20571|xxxHOLiC|manga|200999
19961|xxxHOLiC Rou|anime|200999
18367|xxxHOLiC Shunmuki|anime|200999
18234|xxxHOLiC◆Kei|anime|200999
82582|Übel Blatt|manga|0
108520|Shi Cao Lao Long Bei Guan Yi E Long Zhi Ming|anime|0
108521|Hitoribocchi no Marumaru Seikatsu|anime|0
108522|Jashin-chan Dropkick|anime|201005
108523|Jashin-chan Dropkick'|anime|201005
108524|Jashin-chan Dropkick X|anime|201005
108525|D4DJ First Mix|anime|201043
108526|Toaru Kagaku no Accelerator|anime|0
108527|Isekai Quartet 2|anime|0
108528|Binbougami ga!|anime|0
108529|Yowamushi Pedal|anime|201044
108530|Tonari no Seki-kun|anime|0
108531|Pokemon: The Origin|anime|0
108532|Sidonia no Kishi|anime|0
108533|Shinigami Bocchan to Kuro Maid|anime|0
108534|Big Order (TV)|anime|0
108535|Hachi-nan tte, Sore wa Nai deshou!|anime|0
108536|Ghost Hunt|anime|0
108537|Grisaia no Meikyuu: Caprice no Mayu 0|anime|0
108538|Burn the Witch|anime|0
108539|Zutto Mae kara Suki deshita. Kokuhaku Jikkou Iinkai|anime|0
108540|Canaan|anime|0
108541|Dance in the Vampire Bund|anime|0
108542|Tsubasa Chronicle|anime|0
108543|Kareshi Kanojo no Jijou|anime|0
108544|Kujira no Kora wa Sajou ni Utau|anime|0
108545|Boogiepop wa Warawanai (2019)|anime|0
108546|Kaguya-sama wa Kokurasetai? Tensai-tachi no Renai Zunousen OVA|anime|0
108547|Chuunibyou demo Koi ga Shitai! Kirameki no... Slapstick Noel|anime|0
108548|Princess Lover!|anime|0
108549|Tiger & Bunny|anime|0
108550|Otome Game no Hametsu Flag shika Nai Akuyaku Reijou ni Tensei shiteshimatta... X|anime|201045
108551|Chrno Crusade|anime|0
108552|Hayate no Gotoku!|anime|0
108553|Ushio to Tora (TV)|anime|0
108554|Fate/stay night Movie: Unlimited Blade Works|anime|0
108555|Berserk: Ougon Jidai-hen I - Haou no Tamago|anime|0
108556|Itsudatte Bokura no Koi wa 10 cm Datta.|anime|0
108557|Spy x Family Season 2|anime|0
108558|Tensei shitara Slime Datta Ken OVA|anime|200857
108559|Tonikaku Kawaii 2nd Season|anime|200885
108560|5-toubun no Hanayome Movie|anime|200007
108561|Poputepipikku|anime|0
108562|Goblin Slayer II|anime|200253
108563|Seikoku no Dragonar|anime|0
108564|Digimon Adventure 02|anime|200163
108565|Kamisama no Inai Nichiyoubi|anime|0
108566|Hataraku Saibou Black|anime|200289
108567|Servant x Service|anime|0
108568|Koi wa Sekai Seifuku no Ato de|anime|0
108569|Uramichi Oniisan|anime|0
108570|Aoi Bungaku Series|anime|0
108571|Aoharu x Kikanjuu|anime|0
108572|Umineko no Naku Koro ni|anime|0
108573|Engage Kiss|anime|0
108574|Fate/Extra: Last Encore|anime|0
108575|Ladies versus Butlers!|anime|0
108576|Cider no You ni Kotoba ga Wakiagaru|anime|0
108577|Shugo Chara!|anime|0
108578|Sekaiichi Hatsukoi|anime|201032
108579|Dragon Ball Z Movie 14: Kami to Kami|anime|200176
108580|Mayoiga|anime|0
108581|Saiki Kusuo no Ψ-nan: Ψ-shidou-hen|anime|200727
108582|True Tears|anime|0
108583|Kumo no Mukou, Yakusoku no Basho|anime|0
108584|Kimi to, Nami ni Noretara|anime|0
108585|Karneval (TV)|anime|0
108586|Fate/Grand Order: First Order|anime|0
108587|Sakurako-san no Ashimoto ni wa Shitai ga Umatteiru|anime|0
108588|Fairy Tail Movie 1: Houou no Miko|anime|0
108589|Yu☆Gi☆Oh! Duel Monsters GX|anime|200006
108590|Kara no Kyoukai Movie 4: Garan no Dou|anime|0
108591|"Tokyo Ghoul: ""Pinto"""|anime|0
108592|Final Fantasy VII: Advent Children|anime|0
108593|Osake wa Fuufu ni Natte kara|anime|0
108594|Itai no wa Iya nanode Bougyoryoku ni Kyokufuri Shitai to Omoimasu. 2|anime|201046
108595|Kobayashi-san Chi no Maid Dragon: Valentine, Soshite Onsen! - Amari Kitai Shinaide Kudasai|anime|200468
108596|Hoshi wo Ou Kodomo|anime|0
108597|07-Ghost|anime|0
108598|Koukaku no Regios|anime|0
108599|Meikyuu Black Company|anime|0
108600|Bleach Movie 4: Jigoku-hen|anime|0
108601|Monster Musume no Oishasan|anime|200013
108602|Uchi no Ko no Tame naraba, Ore wa Moshikashitara Maou mo Taoseru kamo Shirenai.|anime|0
108603|Joker Game|anime|0
108604|Kono Naka ni Hitori, Imouto ga Iru!|anime|0
108605|Dungeon ni Deai wo Motomeru no wa Machigatteiru Darou ka Movie: Orion no Ya|anime|200179
108606|Rail Wars!|anime|0
108607|Inazuma Eleven|anime|0
108608|One Piece Film: Gold|anime|0
108609|Uchiage Hanabi, Shita kara Miru ka? Yoko kara Miru ka?|anime|0
108610|Berserk: Ougon Jidai-hen II - Doldrey Kouryaku|anime|0
108611|Radiant|anime|0
108612|Princess Principal|anime|0
108613|Rewrite|anime|0
108614|Naruto Movie 3: Dai Koufun! Mikazuki Jima no Animaru Panic Dattebayo!|anime|200601
108615|Kuro no Shoukanshi|anime|0
108616|UQ Holder! Mahou Sensei Negima! 2|anime|201012
108617|High School DxD Specials|anime|200003
108618|Soul Eater NOT!|anime|0
108619|Asu no Yoichi!|anime|0
108620|Arcana Famiglia|anime|0
108621|Uzaki-chan wa Asobitai! Double|anime|200928
108622|Yi Ren Zhi Xia|anime|0
108623|Kono Subarashii Sekai ni Shukufuku wo! 3|anime|200485
108624|Kumichou Musume to Sewagakari|anime|0
108625|Naruto: Shippuuden Movie 3 - Hi no Ishi wo Tsugu Mono|anime|200601
108626|Hitsugi no Chaika: Avenging Battle|anime|0
108627|Gakkou no Kaidan|anime|0
108628|Rozen Maiden|anime|0
108629|Death Note: Rewrite|anime|201014
108630|Kami-tachi ni Hirowareta Otoko|anime|0
108631|Kino no Tabi: The Beautiful World - The Animated Series|anime|201015
108632|Date A Live Movie: Mayuri Judgment|anime|0
108633|Cross Ange: Tenshi to Ryuu no Rondo|anime|0
108634|Love Lab|anime|0
108635|Date A Live: Date to Date|anime|0
108636|Asobi ni Iku yo!|anime|0
108637|Peter Grill to Kenja no Jikan|anime|0
108638|Kill la Kill Specials|anime|0
108639|Watashi ni Tenshi ga Maiorita!|anime|0
108640|Isekai no Seikishi Monogatari|anime|0
108641|Bokusatsu Tenshi Dokuro-chan|anime|0
108642|Michiko to Hatchin|anime|0
108643|Uta no☆Prince-sama♪ Maji Love 1000%|anime|0
108644|Plastic Neesan|anime|0
108645|Hoshiai no Sora|anime|0
108646|Bubble|anime|0
108647|Danna ga Nani wo Itteiru ka Wakaranai Ken 2 Sure-me|anime|0
108648|Coquelicot-zaka kara|anime|0
108649|Boku no Hero Academia: Training of the Dead|anime|200093
108650|Tsugumomo|anime|0
108651|Murenase! Seton Gakuen|anime|0
108652|Digimon Tamers|anime|0
108653|Colorful (Movie)|anime|0
108654|Carnival Phantasm|collab|0
108655|Hataage! Kemono Michi|anime|0
108656|Hunter x Hunter Movie 1: Phantom Rouge|anime|200324
108657|Ahiru no Sora|anime|0
108658|Granblue Fantasy The Animation|anime|0
108659|Kanojo ga Flag wo Oraretara|anime|0
108660|Strike the Blood II|anime|201017
108661|Occultic;Nine|anime|0
108662|Seitokai no Ichizon|anime|0
108663|Higurashi no Naku Koro ni Rei|anime|0
108664|Papa no Iukoto wo Kikinasai!|anime|0
108665|Shinka no Mi: Shiranai Uchi ni Kachigumi Jinsei|anime|0
108666|Baki: Dai Raitaisai-hen|anime|0
108667|Elfen Lied: Tooriame nite Arui wa, Shoujo wa Ikani Shite Sono Shinjou ni Itatta ka? - Regenschauer|anime|201019
108668|Isekai Yakkyoku|anime|0
108669|Ryuuou no Oshigoto!|anime|0
108670|No Guns Life|anime|0
108671|Doukyonin wa Hiza, Tokidoki, Atama no Ue.|anime|0
108672|Qualidea Code|anime|0
108673|Deatte 5-byou de Battle|anime|0
108674|Kara no Kyoukai Movie 6: Boukyaku Rokuon|anime|0
108675|Keppeki Danshi! Aoyama-kun|anime|0
108676|Kaizoku Oujo|anime|0
108677|Bokura no|anime|0
108678|Tensei Kenja no Isekai Life: Dai-2 no Shokugyou wo Ete, Sekai Saikyou ni Narimashita|anime|0
108679|Hyakuren no Haou to Seiyaku no Valkyria|anime|0
108680|Jormungand: Perfect Order|anime|0
108681|Ore no Imouto ga Konnani Kawaii Wake ga Nai Specials|anime|200651
108682|Nourin|anime|0
108683|Another: The Other - Inga|anime|0
108684|Jinrui wa Suitai Shimashita|anime|0
108685|Kyousou Giga (TV)|anime|0
108686|Gunslinger Girl|anime|0
108687|Vampire Hunter D (2000)|anime|0
108688|Pokemon Movie 02: Maboroshi no Pokemon Lugia Bakutan|anime|0
108689|D.Gray-man Hallow|anime|0
108690|Tondemo Skill de Isekai Hourou Meshi|anime|0
108691|Flip Flappers|anime|0
108692|Gungrave|anime|0
108693|Megami-ryou no Ryoubo-kun.|anime|0
108694|Tenjou Tenge|anime|0
108695|Nanatsu no Taizai OVA|anime|200598
108696|Fairy Tail Movie 2: Dragon Cry|anime|0
108697|Dog Days|anime|0
108698|Killing Bites|anime|0
108699|Hyouka: Motsubeki Mono wa|anime|0
108700|Pupa|anime|0
108701|Pokemon Advanced Generation|anime|0
108702|Dragon Ball Kai (2014)|anime|0
108703|Mahouka Koukou no Rettousei Movie: Hoshi wo Yobu Shoujo|anime|201021
108704|Adachi to Shimamura|anime|0
108705|Charlotte: Tsuyoimono-tachi|anime|0
108706|Basilisk: Kouga Ninpou Chou|anime|0
108707|Myself; Yourself|anime|0
108708|Saint Seiya|anime|0
108709|D.N.Angel|anime|0
108710|3D Kanojo: Real Girl 2nd Season|anime|201022
108711|Yuru Yuri♪♪|anime|0
108712|Fullmetal Alchemist: The Sacred Star of Milos|anime|200216
108713|Senryuu Shoujo|anime|0
108714|Seiken no Blacksmith|anime|0
108715|Kokkoku|anime|0
108716|Kimi to Boku.|anime|0
108717|Gatchaman Crowds|anime|0
108718|Boku no Hero Academia: Hero Note|anime|200093
108719|Watashi, Nouryoku wa Heikinchi de tte Itta yo ne!|anime|0
108720|Mnemosyne: Mnemosyne no Musume-tachi|anime|0
108721|Trinity Blood|anime|0
108722|Heion Sedai no Idaten-tachi|anime|0
108723|No Game No Life Specials|anime|200617
108724|Romeo x Juliet|anime|0
108725|Brothers Conflict|anime|0
108726|Kiniro Mosaic|anime|0
108727|Date A Live II: Kurumi Star Festival|anime|201023
108728|Tennis no Oujisama|anime|201024
108729|.hack//Sign|anime|0
108730|Koori Zokusei Danshi to Cool na Douryou Joshi|anime|0
108731|Gugure! Kokkuri-san|anime|0
108732|Dead Mount Death Play|anime|0
108733|Code Geass: Boukoku no Akito 1 - Yokuryuu wa Maiorita|anime|200126
108734|Hyakka Ryouran: Samurai Girls|anime|0
108735|Love Live! Sunshine!!|anime|0
108736|Haiyore! Nyaruko-san W|anime|0
108737|Berserk 2nd Season|anime|0
108738|Danganronpa 3: The End of Kibougamine Gakuen - Kibou-hen|anime|200015
108739|Junjou Romantica 2|anime|201025
108740|Kyoukaisenjou no Horizon|anime|0
108741|Boku no Pico|anime|0
108742|Seijo no Maryoku wa Bannou desu|anime|0
108743|Rokujouma no Shinryakusha!?|anime|0
108744|Oshiete! Galko-chan|anime|0
108745|Boku no Hero Academia: Sukue! Kyuujo Kunren!|anime|200093
108746|Peach Boy Riverside|anime|0
108747|Free! Dive to the Future|anime|0
108748|Aggressive Retsuko (ONA)|anime|0
108749|Toradora!: Bentou no Gokui|anime|0
108750|Robotics;Notes|anime|0
108751|Karin|anime|0
108752|Shikioriori|anime|0
108753|Saikyou Onmyouji no Isekai Tenseiki|anime|0
108754|Genshiken|anime|0
108755|Pokemon Movie 03: Kesshoutou no Teiou Entei|anime|0
108756|Tensei shitara Slime Datta Ken Movie: Guren no Kizuna-hen|anime|200857
108757|"Dragon Ball Z Movie 15: Fukkatsu no ""F"""|anime|200176
108758|Hunter x Hunter Movie 2: The Last Mission|anime|200324
108759|Maria†Holic|anime|0
108760|C³|anime|0
108761|Akkun to Kanojo|anime|0
108762|Shuumatsu no Izetta|anime|0
108763|To LOVE-Ru OVA|anime|200867
108764|Akebi-chan no Sailor-fuku|anime|0
108765|Onegai☆Teacher|anime|0
108766|Hoshizora e Kakaru Hashi|anime|0
108767|Clannad Movie|anime|0
108768|Joshiraku|anime|0
108769|Black★Rock Shooter (OVA)|anime|0
108770|Dungeon ni Deai wo Motomeru no wa Machigatteiru Darou ka OVA|anime|200179
108771|Prince of Stride: Alternative|anime|0
108772|Trinity Seven Movie 1: Eternity Library to Alchemic Girl|anime|0
108773|Jin-Rou|anime|0
108774|GJ-bu|anime|0
108775|Initial D Third Stage|anime|0
108776|Mairimashita! Iruma-kun 3rd Season|anime|200542
108777|Last Exile|anime|0
108778|Infinite Dendrogram|anime|0
108779|Boku no Hero Academia: Ikinokore! Kesshi no Survival Kunren|anime|200093
108780|Yuusha Party wo Tsuihou sareta Beast Tamer, Saikyoushu no Nekomimi Shoujo to Deau|anime|0
108781|Isekai Nonbiri Nouka|anime|0
108782|Dragon Crisis!|anime|0
108783|Minami-ke|anime|0
108784|Itou Junji: Collection|anime|0
108785|Busou Renkin|anime|0
108786|Beatless|anime|0
108787|Nekopara|anime|0
108788|Saikin, Imouto no Yousu ga Chotto Okashiinda ga.|anime|0
108789|Strike Witches|anime|0
108790|Utawarerumono|anime|0
108791|Little Witch Academia: Mahoujikake no Parade|anime|200510
108792|Higashi no Eden Movie I: The King of Eden|anime|201026
108793|Subete ga F ni Naru|anime|0
108794|Tokyo ESP|anime|0
108795|Bungou Stray Dogs: Hitori Ayumu|anime|200106
108796|Kannagi|anime|0
108797|Re:␣Hamatora|anime|0
108798|Tsuritama|anime|0
108799|Kakumeiki Valvrave|anime|0
108800|Kidou Senshi Gundam SEED|anime|0
108801|Okusama ga Seitokaichou!+!|anime|201027
108802|Tensei Oujo to Tensai Reijou no Mahou Kakumei|anime|0
108803|Pokemon XY|anime|0
108804|Joukamachi no Dandelion|anime|0
108805|Durarara!! Specials|anime|0
108806|Hakuouki|anime|0
108807|Ookami to Koushinryou II: Ookami to Kohakuiro no Yuuutsu|anime|200645
108808|Amagami SS+ Plus|anime|0
108809|Shingetsutan Tsukihime|anime|0
108810|Umibe no Étranger|anime|0
108811|Devil Survivor 2 The Animation|anime|0
108812|Divine Gate|anime|0
108813|Uchouten Kazoku|anime|201028
108814|Midori no Hibi|anime|0
108815|Masamune-kun no Revenge R|anime|201030
108816|Dagashi Kashi 2|anime|201029
108817|Fairy Tail OVA|anime|0
108818|DRAMAtical Murder|anime|0
108819|Nabari no Ou|anime|0
108820|Shiroi Suna no Aquatope|anime|0
108821|Glasslip|anime|0
108822|Fairy Gone|anime|0
108823|Hitorijime My Hero|anime|0
108824|Freezing Vibration|anime|0
108825|Nisekoi OVA|anime|0
108826|Inari, Konkon, Koi Iroha.|anime|0
108827|Arakawa Under the Bridge x Bridge|anime|0
108828|Kakuriyo no Yadomeshi|anime|0
108829|Fantasy Bishoujo Juniku Ojisan to|anime|0
108830|Kyoukai no Kanata Movie 1: I'll Be Here - Kako-hen|anime|0
108831|Casshern Sins|anime|0
108832|Triage X|anime|0
108833|Fate/kaleid liner Prisma☆Illya 2wei!|anime|200200
108834|Ikkitousen|anime|0
108835|Urusei Yatsura (2022)|anime|0
108836|ACCA: 13-ku Kansatsu-ka|anime|0
108837|Gantz 2nd Stage|anime|0
108838|Shokugeki no Souma: Ni no Sara OVA|anime|200783
108839|Tari Tari|anime|0
108840|So Ra No Wo To|anime|0
108841|Aria the Animation|anime|0
108842|High School DxD New: Oppai, Tsutsumimasu!|anime|200003
108843|Sengoku Basara|anime|0
108844|Jigoku Shoujo Futakomori|anime|0
108845|Koroshi Ai|anime|0
108846|Innocence|anime|0
108847|Yamato Nadeshiko Shichihenge♥|anime|0
108848|Dragon Ball Z Movie 08: Moetsukiro!! Nessen, Ressen, Chougekisen|anime|200176
108849|Tales of Zestiria the Cross 2nd Season|anime|201031
108850|K-On!: Live House!|anime|0
108851|Netsuzou TRap|anime|0
108852|One Punch Man 3|anime|200640
108853|Shin Kidou Senki Gundam Wing|anime|0
108854|Mahou Shoujo Ikusei Keikaku|anime|0
108855|Ore, Twintail ni Narimasu.|anime|0
108856|Aa! Megami-sama! (TV)|anime|0
108857|Trigun Stampede|anime|201048
108858|Ore dake Level Up na Ken|anime|0
108859|Clockwork Planet|anime|0
108860|Shinobi no Ittoki|anime|0
108861|Magia Record: Mahou Shoujo Madoka☆Magica Gaiden|anime|0
108862|Juuou Mujin no Fafnir|anime|0
108863|Sekaiichi Hatsukoi 2|anime|201032
108864|Yozakura Quartet|anime|0
108865|Sounan desu ka?|anime|0
108866|Bishoujo Senshi Sailor Moon R|anime|200076
108867|Sin: Nanatsu no Taizai|anime|200598
108868|Tsurune: Kazemai Koukou Kyuudou-bu|anime|0
108869|Mahoutsukai no Yome Season 2|anime|200541
108870|WWW.Working!!|anime|0
108871|Hanebado!|anime|0
108872|Soredemo Ayumu wa Yosetekuru|anime|0
108873|Kuma Kuma Kuma Bear|anime|0
108874|Diabolik Lovers More,Blood|anime|0
108875|Kono Yo no Hate de Koi wo Utau Shoujo YU-NO|anime|0
108876|Gunjou no Magmell|anime|0
108877|100-man no Inochi no Ue ni Ore wa Tatteiru 2nd Season|anime|201033
108878|Hoshi no Koe|anime|0
108879|Suki na Ko ga Megane wo Wasureta|anime|0
108880|Digimon Frontier|anime|0
108881|Maken-Ki! Two|anime|0
108882|Sabage-bu!|anime|0
108883|Mashiro-iro Symphony: The Color of Lovers|anime|0
108884|Mushoku Tensei: Isekai Ittara Honki Dasu - Eris no Goblin Toubatsu|anime|200591
108885|Denpa Kyoushi|anime|0
108886|Tenkuu no Escaflowne|anime|0
108887|Dakaretai Otoko 1-i ni Odosarete Imasu.|anime|0
108888|Seihou Bukyou Outlaw Star|anime|0
108889|Hakata Tonkotsu Ramens|anime|0
108890|Pokemon Movie 04: Celebi Toki wo Koeta Deai|anime|0
108891|Prison School: Mad Wax|anime|201034
108892|Heavy Object|anime|0
108893|Yuuki Yuuna wa Yuusha de Aru|anime|201035
108894|Kaminaki Sekai no Kamisama Katsudou|anime|0
108895|Junketsu no Maria|anime|0
108896|Ryuu to Sobakasu no Hime|anime|0
108897|Tokyo Mew Mew|anime|0
108898|Konohana Kitan|anime|0
108899|Getsuyoubi no Tawawa|anime|0
108900|The iDOLM@STER|anime|0
108901|Babylon|anime|0
108902|Choujigen Game Neptune The Animation|anime|0
108903|Akaneiro ni Somaru Saka|anime|0
108904|Shokei Shoujo no Virgin Road|anime|0
108905|Zettai Karen Children: The Unlimited - Hyoubu Kyousuke|anime|0
108906|Leadale no Daichi nite|anime|0
108907|Un-Go|anime|0
108908|Akuyaku Reijou nanode Last Boss wo Kattemimashita|anime|0
108909|Uchuu Patrol Luluco|anime|0
108910|Shinreigari|anime|0
108911|Dragon Ball Z Movie 12: Fukkatsu no Fusion!! Gokuu to Vegeta|anime|200176
108912|Aoki Hagane no Arpeggio: Ars Nova|anime|0
108913|Lord El-Melloi II Sei no Jikenbo: Rail Zeppelin Grace Note|anime|0
108914|Selector Infected WIXOSS|anime|0
108915|Ao no Kanata no Four Rhythm|anime|0
108916|Gokushufudou Part 2|anime|0
108917|Ningen Fushin no Boukensha-tachi ga Sekai wo Sukuu you desu|anime|0
108918|Back Street Girls: Gokudolls|anime|0
108919|Akiba's Trip The Animation|anime|0
108920|Mahoutsukai Reimeiki|anime|0
108921|One Piece Film: Red|anime|0
108922|Dantalian no Shoka|anime|0
108923|Sakura Quest|anime|0
108924|Sunohara-sou no Kanrinin-san|anime|0
108925|Inu to Hasami wa Tsukaiyou|anime|0
108926|Denpa-teki na Kanojo|anime|0
108927|Girls Bravo: First Season|anime|0
108928|DearS|anime|0
108929|Mashiro no Oto|anime|0
108930|Brave 10|anime|0
108931|Isuca|anime|0
108932|Dragon Ball Z Movie 05: Tobikkiri no Saikyou tai Saikyou|anime|200176
108933|Nihon Chinbotsu 2020|anime|0
108934|Baby Steps|anime|0
108935|Ao Haru Ride OVA|anime|0
108936|Bishoujo Senshi Sailor Moon Crystal|anime|200076
108937|Macross F|anime|200024
108938|Kishibe Rohan wa Ugokanai|anime|0
108939|Tsuki to Laika to Nosferatu|anime|0
108940|Astarotte no Omocha!|anime|0
108941|Kamigami no Asobi|anime|0
108942|Tenshi no Tamago|anime|0
108943|Higashi no Eden Movie II: Paradise Lost|anime|201026
108944|Kyokou Suiri Season 2|anime|0
108945|Bishoujo Senshi Sailor Moon S|anime|200076
108946|Pokemon Diamond & Pearl|anime|0
108947|Sakurada Reset|anime|0
108948|Sekai Seifuku: Bouryaku no Zvezda|anime|0
108949|Garo: Honoo no Kokuin|anime|0
108950|Super Lovers|anime|0
108951|Ged Senki|anime|0
108952|Hal|anime|0
108953|Rikei ga Koi ni Ochita no de Shoumei shitemita. Heart|anime|0
108954|Benriya Saitou-san, Isekai ni Iku|anime|0
108955|Youkoso Jitsuryoku Shijou Shugi no Kyoushitsu e 3rd Season|anime|200976
108956|Wonder Egg Priority: Watashi no Priority|anime|201036
108957|Hanma Baki: Son of Ogre|anime|201037
108958|Ima, Soko ni Iru Boku|anime|0
108959|Days (TV)|anime|0
108960|Comic Girls|anime|0
108961|Chuunibyou demo Koi ga Shitai! Lite|anime|0
108962|Kuromukuro|anime|0
108963|Strawberry Panic|anime|0
108964|Fate/kaleid liner Prisma☆Illya 2wei Herz!|anime|200200
108965|Medaka Box Abnormal|anime|0
108966|Needless|anime|0
108967|Omoide Poroporo|anime|0
108968|Kimi ga Nozomu Eien|anime|0
108969|Akiba Meido Sensou|anime|0
108970|Bounen no Xamdou|anime|0
108971|Ore no Imouto ga Konnani Kawaii Wake ga Nai. Specials|anime|200651
108972|Corpse Party: Missing Footage|anime|0
108973|Oushitsu Kyoushi Heine|anime|0
108974|Trigun: Badlands Rumble|anime|201048
108975|Arslan Senki (TV): Fuujin Ranbu|anime|0
108976|Slayers|anime|0
108977|Hyouken no Majutsushi ga Sekai wo Suberu|anime|0
108978|Loveless|anime|0
108979|Darker than Black: Kuro no Keiyakusha - Sakura no Hana no Mankai no Shita|anime|200139
108980|Valkyrie Drive: Mermaid|anime|0
108981|Kidou Senshi Gundam: Suisei no Majo|anime|201038
108982|Overflow|anime|0
108983|Yu☆Gi☆Oh! 5D's|anime|200006
108984|Pokemon XY&Z|anime|0
108985|Grappler Baki (TV)|anime|0
108986|Trinity Seven: Nanatsu no Taizai to Nana Madoushi|anime|200598
108987|Dokyuu Hentai HxEros|anime|0
108988|Mayoi Neko Overrun!|anime|0
108989|Zombie-Loan|anime|0
108990|Walkure Romanze|anime|0
108991|Dies Irae|anime|0
108992|Sunabouzu|anime|0
108993|Mirai no Mirai|anime|0
108994|Juubee Ninpuuchou|anime|0
108995|Sakigake!! Cromartie Koukou|anime|0
108996|Shingeki no Kyojin: Ano Hi Kara|anime|200777
108997|Taishou Otome Otogibanashi|anime|0
108998|Shichisei no Subaru|anime|0
108999|High School DxD BorN: Yomigaeranai Fushichou|anime|200003
109000|Yumekui Merry|anime|0
109001|Daitoshokan no Hitsujikai|anime|0
109002|Gekkan Shoujo Nozaki-kun Specials|anime|201039
109003|Cheat Kusushi no Slow Life: Isekai ni Tsukurou Drugstore|anime|0
109004|Seikon no Qwaser II|anime|201040
109005|Nagato Yuki-chan no Shoushitsu|anime|0
109006|Kami nomi zo Shiru Sekai: Tenri-hen|anime|200403
109007|Danshi Koukousei no Nichijou Specials|anime|201041
109008|Quanzhi Fashi|anime|0
109009|Xian Wang de Richang Shenghuo 2|anime|201042
109010|Senran Kagura|anime|0
109011|Code Geass: Boukoku no Akito 2 - Hikisakareshi Yokuryuu|anime|200126
109012|"Gyakuten Saiban: Sono ""Shinjitsu"", Igi Ari!"|anime|0
109013|Miira no Kaikata|anime|0
109014|Spy Kyoushitsu|anime|0
109015|Honkai: Star Rail|game|0
109016|Nu Wushen de Canzhuo|anime|200027
109017|Huangjin Tingyuan: Dongri Li de Xinnian Yuanwang|anime|200027
109018|Honkai Impact 3rd|game|200027
109019|ChäoS;Child|game|0
109020|Luo Xiao Hei Zhan Ji|anime|200009
109021|Tsukihime: A Piece of Blue Glass Moon - Comic Anthology|manga|200028
